0.080206,1.2214,0.080206,1.2214,0.0266898,-0.0266898,-0.001036,-0.00961715,
0.18775,1.03961,0.18775,1.03961,0.0374347,-0.0374347,-0.000753252,0.0301619,
0.229406,0.125259,0.229406,0.125259,0.025599,-0.025599,0.00441914,0.10239,
0.181916,-0.784529,0.181916,-0.784529,-0.00595465,0.00595465,0.0156888,0.173396,
0.0911678,-0.997767,0.0911678,-0.997767,-0.0324869,0.0324869,0.0314239,0.213592,
0.000998684,-0.884526,0.000998684,-0.884526,-0.0413173,0.0413173,0.049073,0.223675,
-0.0531099,-0.390838,-0.0531099,-0.390838,-0.0265281,0.0265281,0.0662381,0.207902,
-0.0665696,-0.0135784,-0.0665696,-0.0135784,-0.00344571,0.00344571,0.0817021,0.185193,
-0.0579449,0.13799,-0.0579449,0.13799,0.0101279,-0.0101279,0.0954415,0.165832,
-0.0473465,0.0938233,-0.0473465,0.0938233,0.0065559,-0.0065559,0.107921,0.152424,
-0.0427277,0.0243912,-0.0427277,0.0243912,-0.00674072,0.00674072,0.119478,0.14143,
-0.0367408,0.079226,-0.0367408,0.079226,-0.0150611,0.0150611,0.130108,0.129693,
-0.0242526,0.151379,-0.0242526,0.151379,-0.0126191,0.0126191,0.139863,0.12016,
-0.0101041,0.141329,-0.0101041,0.141329,-0.00484116,0.00484116,0.149072,0.115664,
-0.00548928,0.00106871,-0.00548928,0.00106871,-0.00159089,0.00159089,0.158189,0.115928,
-0.0133481,-0.1202,-0.0133481,-0.1202,-0.00486143,0.00486143,0.167357,0.1154,
-0.0252219,-0.121958,-0.0252219,-0.121958,-0.00903988,0.00903988,0.176295,0.110141,
-0.0305979,-0.0221451,-0.0305979,-0.0221451,-0.00869936,0.00869936,0.184607,0.100828,
-0.0272509,0.061813,-0.0272509,0.061813,-0.00501451,0.00501451,0.192144,0.0915447,
-0.021051,0.0641455,-0.021051,0.0641455,-0.00286025,0.00286025,0.199058,0.0849638,
-0.0169751,0.030657,-0.0169751,0.030657,-0.00390638,0.00390638,0.205551,0.0803781,
-0.015261,0.0110903,-0.015261,0.0110903,-0.00568925,0.00568925,0.211714,0.0763237,
-0.0138784,0.0156235,-0.0138784,0.0156235,-0.0055319,0.0055319,0.217554,0.0722732,
-0.0128245,0.00839964,-0.0128245,0.00839964,-0.00409762,0.00409762,0.2231,0.0687569,
-0.0132035,-0.00988551,-0.0132035,-0.00988551,-0.00338939,0.00338939,0.22839,0.0655232,
-0.0143574,-0.0127303,-0.0143574,-0.0127303,-0.00374377,0.00374377,0.233408,0.061819,
-0.0144151,0.00535414,-0.0144151,0.00535414,-0.0039775,0.0039775,0.238105,0.0575961,
-0.0127541,0.0226734,-0.0127541,0.0226734,-0.0034826,0.0034826,0.242469,0.053608,
-0.0107672,0.0191535,-0.0107672,0.0191535,-0.00294878,0.00294878,0.246556,0.0504713,
-0.0097581,0.00598775,-0.0097581,0.00598775,-0.00291734,0.00291734,0.250425,0.0479029,
-0.00948927,0.0011616,-0.00948927,0.0011616,-0.00301829,0.00301829,0.254095,0.0453636,
-0.00922761,0.00341588,-0.00922761,0.00341588,-0.00282462,0.00282462,0.257562,0.0427762,
-0.00883578,0.00429411,-0.00883578,0.00429411,-0.00249606,0.00249606,0.26083,0.0403026,
-0.00847986,0.00331725,-0.00847986,0.00331725,-0.00234655,0.00234655,0.263908,0.037963,
-0.00806439,0.00470249,-0.00806439,0.00470249,-0.00231745,0.00231745,0.266805,0.0356883,
-0.00743368,0.00730197,-0.00743368,0.00730197,-0.00219638,0.00219638,0.269525,0.0335354,
-0.00677479,0.00645799,-0.00677479,0.00645799,-0.00201249,0.00201249,0.272086,0.0316164,
-0.00636097,0.00313931,-0.00636097,0.00313931,-0.00190281,0.00190281,0.274505,0.0298849,
-0.00612925,0.00199153,-0.00612925,0.00199153,-0.00184026,0.00184026,0.27679,0.028204,
-0.00585444,0.00320966,-0.00585444,0.00320966,-0.00173347,0.00173347,0.278944,0.026552,
-0.00550417,0.00376228,-0.00550417,0.00376228,-0.00160722,0.00160722,0.28097,0.0249967,
-0.00517032,0.0032416,-0.00517032,0.0032416,-0.001522,0.001522,0.28288,0.0235529,
-0.00486118,0.00312022,-0.00486118,0.00312022,-0.00145602,0.00145602,0.284678,0.0221896,
-0.00454923,0.00322263,-0.00454923,0.00322263,-0.00137032,0.00137032,0.286373,0.020907,
-0.00427017,0.00267141,-0.00427017,0.00267141,-0.00128342,0.00128342,0.28797,0.0197159,
-0.00405021,0.00204145,-0.00405021,0.00204145,-0.00121791,0.00121791,0.289477,0.0185939,
-0.00384455,0.00213222,-0.00384455,0.00213222,-0.00115648,0.00115648,0.290897,0.0175177,
-0.0036171,0.00241954,-0.0036171,0.00241954,-0.00108646,0.00108646,0.292234,0.0164971,
-0.00339239,0.00223713,-0.00339239,0.00223713,-0.00102266,0.00102266,0.293494,0.0155461,
-0.0031948,0.00191351,-0.0031948,0.00191351,-0.000970744,0.000970744,0.294682,0.0146549,
-0.00301261,0.00183738,-0.00301261,0.00183738,-0.000918476,0.000918476,0.295802,0.0138112,
-0.00283703,0.0017741,-0.00283703,0.0017741,-0.000864017,0.000864017,0.296856,0.0130159,
-0.00267613,0.00158148,-0.00267613,0.00158148,-0.000815999,0.000815999,0.297851,0.0122687,
-0.00252762,0.00148708,-0.00252762,0.00148708,-0.000773285,0.000773285,0.298788,0.0115619,
-0.00238065,0.00150989,-0.00238065,0.00150989,-0.000729905,0.000729905,0.299671,0.0108933,
-0.00223789,0.00143452,-0.00223789,0.00143452,-0.00068801,0.00068801,0.300503,0.0102658,
-0.00210819,0.00127277,-0.00210819,0.00127277,-0.000650858,0.000650858,0.301287,0.00967684,
-0.00198948,0.00118446,-0.00198948,0.00118446,-0.000615758,0.000615758,0.302026,0.00912044,
-0.00187566,0.00115324,-0.00187566,0.00115324,-0.000581053,0.000581053,0.302723,0.00859473,
-0.00176693,0.00109111,-0.00176693,0.00109111,-0.000548805,0.000548805,0.303379,0.00809984,
-0.00166493,0.00101899,-0.00166493,0.00101899,-0.00051916,0.00051916,0.303998,0.00763381,
-0.00156867,0.000966864,-0.00156867,0.000966864,-0.000490514,0.000490514,0.304581,0.00719441,
-0.00147788,0.000909129,-0.00147788,0.000909129,-0.000463252,0.000463252,0.305131,0.00678057,
-0.00139305,0.000846611,-0.00139305,0.000846611,-0.000438114,0.000438114,0.305649,0.00639072,
-0.00131318,0.00080168,-0.00131318,0.00080168,-0.000414278,0.000414278,0.306137,0.00602298,
-0.00123733,0.000762421,-0.00123733,0.000762421,-0.000391363,0.000391363,0.306597,0.00567634,
-0.00116585,0.000715239,-0.00116585,0.000715239,-0.000369959,0.000369959,0.307031,0.00534989,
-0.00109873,0.000671792,-0.00109873,0.000671792,-0.000349965,0.000349965,0.307439,0.00504225,
-0.00103541,0.000635341,-0.00103541,0.000635341,-0.000330877,0.000330877,0.307824,0.00475224,
-0.000975733,0.000597668,-0.000975733,0.000597668,-0.000312811,0.000312811,0.308187,0.00447899,
-0.000919625,0.000561762,-0.000919625,0.000561762,-0.000295897,0.000295897,0.308529,0.00422147,
-0.000866667,0.000531372,-0.000866667,0.000531372,-0.000279893,0.000279893,0.308852,0.00397871,
-0.000816658,0.000501342,-0.000816658,0.000501342,-0.000264724,0.000264724,0.309156,0.00374996,
-0.000769613,0.000470914,-0.000769613,0.000470914,-0.000250465,0.000250465,0.309442,0.00353443,
-0.000725327,0.00044379,-0.000725327,0.00044379,-0.000237011,0.000237011,0.309712,0.00333127,
-0.000683554,0.000418809,-0.000683554,0.000418809,-0.000224269,0.000224269,0.309967,0.00313979,
-0.000644192,0.000394333,-0.000644192,0.000394333,-0.000212261,0.000212261,0.310207,0.00295935,
-0.000607104,0.000371683,-0.000607104,0.000371683,-0.000200941,0.000200941,0.310433,0.00278929,
-0.000572131,0.000350578,-0.000572131,0.000350578,-0.000190236,0.000190236,0.310646,0.00262901,
-0.000539185,0.00033003,-0.000539185,0.00033003,-0.000180134,0.000180134,0.310847,0.00247797,
-0.00050816,0.000310855,-0.00050816,0.000310855,-0.00017061,0.00017061,0.311036,0.00233561,
-0.00047891,0.000293206,-0.00047891,0.000293206,-0.000161611,0.000161611,0.311214,0.00220143,
-0.000451338,0.000276295,-0.000451338,0.000276295,-0.000153118,0.000153118,0.311382,0.00207498,
-0.000425361,0.000260281,-0.000425361,0.000260281,-0.000145108,0.000145108,0.311541,0.0019558,
-0.000400879,0.000245363,-0.000400879,0.000245363,-0.000137543,0.000137543,0.31169,0.00184347,
-0.000377807,0.00023119,-0.000377807,0.00023119,-0.000130403,0.000130403,0.311831,0.00173761,
-0.00035607,0.000217808,-0.00035607,0.000217808,-0.000123669,0.000123669,0.311964,0.00163783,
-0.000335583,0.000205322,-0.000335583,0.000205322,-0.000117312,0.000117312,0.312089,0.00154378,
-0.000316274,0.000193499,-0.000316274,0.000193499,-0.000111313,0.000111313,0.312207,0.00145514,
-0.00029808,0.000182312,-0.00029808,0.000182312,-0.000105654,0.000105654,0.312318,0.0013716,
-0.000280934,0.00017183,-0.000280934,0.00017183,-0.000100315,0.000100315,0.312423,0.00129286,
-0.000264774,0.000161938,-0.000264774,0.000161938,-9.52765e-05,9.52765e-05,0.312522,0.00121864,
-0.000249547,0.000152594,-0.000249547,0.000152594,-9.05251e-05,9.05251e-05,0.312615,0.00114869,
-0.000235195,0.00014382,-0.000235195,0.00014382,-8.60429e-05,8.60429e-05,0.312702,0.00108275,
-0.00022167,0.000135539,-0.00022167,0.000135539,-8.18152e-05,8.18152e-05,0.312785,0.0010206,
-0.000208924,0.000127724,-0.000208924,0.000127724,-7.78288e-05,7.78288e-05,0.312863,0.000962023,
-0.000196912,0.000120379,-0.000196912,0.000120379,-7.40697e-05,7.40697e-05,0.312937,0.000906807,
-0.000185591,0.000113454,-0.000185591,0.000113454,-7.05252e-05,7.05252e-05,0.313006,0.00085476,
-0.000174922,0.000106923,-0.000174922,0.000106923,-6.7184e-05,6.7184e-05,0.313071,0.000805702,
-0.000164865,0.000100779,-0.000164865,0.000100779,-6.40342e-05,6.40342e-05,0.313133,0.000759458,
-0.000155387,9.49876e-05,-0.000155387,9.49876e-05,-6.10652e-05,6.10652e-05,0.313191,0.000715869,
-0.000146453,8.95301e-05,-0.000146453,8.95301e-05,-5.82669e-05,5.82669e-05,0.313245,0.00067478,
-0.000138032,8.43954e-05,-0.000138032,8.43954e-05,-5.56294e-05,5.56294e-05,0.313297,0.00063605,
-0.000130094,7.9558e-05,-0.000130094,7.9558e-05,-5.31432e-05,5.31432e-05,0.313346,0.000599542,
-0.000122611,7.50024e-05,-0.000122611,7.50024e-05,-5.07997e-05,5.07997e-05,0.313391,0.000565128,
-0.000115555,7.07172e-05,-0.000115555,7.07172e-05,-4.85898e-05,4.85898e-05,0.313435,0.00053269,
-0.000108902,6.66834e-05,-0.000108902,6.66834e-05,-4.65054e-05,4.65054e-05,0.313475,0.000502115,
-0.000102628,6.28888e-05,-0.000102628,6.28888e-05,-4.45383e-05,4.45383e-05,0.313514,0.000473295,
-9.67103e-05,5.93218e-05,-9.67103e-05,5.93218e-05,-4.26804e-05,4.26804e-05,0.31355,0.000446132,
-9.11274e-05,5.5968e-05,-9.11274e-05,5.5968e-05,-4.09239e-05,4.09239e-05,0.313584,0.000420531,
-8.58593e-05,5.28172e-05,-8.58593e-05,5.28172e-05,-3.9261e-05,3.9261e-05,0.313616,0.000396404,
-8.08868e-05,4.98588e-05,-8.08868e-05,4.98588e-05,-3.76838e-05,3.76838e-05,0.313646,0.000373668,
-7.61918e-05,4.70814e-05,-7.61918e-05,4.70814e-05,-3.61847e-05,3.61847e-05,0.313675,0.000352246,
-7.17573e-05,4.44757e-05,-7.17573e-05,4.44757e-05,-3.47558e-05,3.47558e-05,0.313702,0.000332064,
-6.7567e-05,4.20319e-05,-6.7567e-05,4.20319e-05,-3.33891e-05,3.33891e-05,0.313727,0.000313054,
-6.36058e-05,3.97397e-05,-6.36058e-05,3.97397e-05,-3.20767e-05,3.20767e-05,0.313751,0.000295152,
-5.98594e-05,3.75899e-05,-5.98594e-05,3.75899e-05,-3.08107e-05,3.08107e-05,0.313774,0.000278298,
-5.63148e-05,3.55722e-05,-5.63148e-05,3.55722e-05,-2.95829e-05,2.95829e-05,0.313795,0.000262435,
-5.29595e-05,3.3676e-05,-5.29595e-05,3.3676e-05,-2.83853e-05,2.83853e-05,0.313815,0.00024751,
-4.97824e-05,3.18904e-05,-4.97824e-05,3.18904e-05,-2.721e-05,2.721e-05,0.313834,0.000233474,
-4.67735e-05,3.02036e-05,-4.67735e-05,3.02036e-05,-2.60494e-05,2.60494e-05,0.313852,0.00022028,
-4.3924e-05,2.86031e-05,-4.3924e-05,2.86031e-05,-2.48964e-05,2.48964e-05,0.313868,0.000207884,
-4.12262e-05,2.70757e-05,-4.12262e-05,2.70757e-05,-2.37443e-05,2.37443e-05,0.313884,0.000196243,
-3.8674e-05,2.56075e-05,-3.8674e-05,2.56075e-05,-2.25876e-05,2.25876e-05,0.313899,0.000185319,
-3.62624e-05,2.41846e-05,-3.62624e-05,2.41846e-05,-2.14218e-05,2.14218e-05,0.313914,0.000175073,
-3.3988e-05,2.27932e-05,-3.3988e-05,2.27932e-05,-2.02441e-05,2.02441e-05,0.313927,0.000165467,
-3.18484e-05,2.14203e-05,-3.18484e-05,2.14203e-05,-1.90532e-05,1.90532e-05,0.31394,0.000156465,
-2.98426e-05,2.00549e-05,-2.98426e-05,2.00549e-05,-1.78501e-05,1.78501e-05,0.313952,0.000148031,
-2.79705e-05,1.86887e-05,-2.79705e-05,1.86887e-05,-1.6638e-05,1.6638e-05,0.313963,0.000140129,
-2.62323e-05,1.73176e-05,-2.62323e-05,1.73176e-05,-1.54225e-05,1.54225e-05,0.313974,0.000132722,
-2.46285e-05,1.59426e-05,-2.46285e-05,1.59426e-05,-1.42117e-05,1.42117e-05,0.313984,0.000125776,
-2.31591e-05,1.45708e-05,-2.31591e-05,1.45708e-05,-1.30155e-05,1.30155e-05,0.313993,0.000119252,
-2.18227e-05,1.32162e-05,-2.18227e-05,1.32162e-05,-1.18461e-05,1.18461e-05,0.314003,0.000113115,
-2.06163e-05,1.18994e-05,-2.06163e-05,1.18994e-05,-1.07167e-05,1.07167e-05,0.314011,0.000107329,
-1.95345e-05,1.0647e-05,-1.95345e-05,1.0647e-05,-9.64094e-06,9.64094e-06,0.314019,0.000101857,
-1.85689e-05,9.48975e-06,-1.85689e-05,9.48975e-06,-8.63202e-06,8.63202e-06,0.314027,9.66676e-05,
-1.77082e-05,8.45973e-06,-1.77082e-05,8.45973e-06,-7.70165e-06,7.70165e-06,0.314035,9.17289e-05,
-1.6938e-05,7.58664e-06,-1.6938e-05,7.58664e-06,-6.85908e-06,6.85908e-06,0.314042,8.70136e-05,
-1.62414e-05,6.89363e-06,-1.62414e-05,6.89363e-06,-6.11019e-06,6.11019e-06,0.314048,8.24986e-05,
-1.55999e-05,6.39305e-06,-1.55999e-05,6.39305e-06,-5.4569e-06,5.4569e-06,0.314055,7.81657e-05,
-1.49948e-05,6.08294e-06,-1.49948e-05,6.08294e-06,-4.89694e-06,4.89694e-06,0.314061,7.40021e-05,
-1.44088e-05,5.9451e-06,-1.44088e-05,5.9451e-06,-4.42404e-06,4.42404e-06,0.314066,6.99998e-05,
-1.38273e-05,5.94534e-06,-1.38273e-05,5.94534e-06,-4.02854e-06,4.02854e-06,0.314072,6.61559e-05,
-1.32397e-05,6.03643e-06,-1.32397e-05,6.03643e-06,-3.69848e-06,3.69848e-06,0.314077,6.24709e-05,
-1.26408e-05,6.16374e-06,-1.26408e-05,6.16374e-06,-3.42086e-06,3.42086e-06,0.314082,5.89477e-05,
-1.20307e-05,6.27277e-06,-1.20307e-05,6.27277e-06,-3.18302e-06,3.18302e-06,0.314086,5.55899e-05,
-1.14141e-05,6.31744e-06,-1.14141e-05,6.31744e-06,-2.97388e-06,2.97388e-06,0.31409,5.24006e-05,
-1.07994e-05,6.2674e-06,-1.07994e-05,6.2674e-06,-2.78479e-06,2.78479e-06,0.314094,4.93807e-05,
-1.01965e-05,6.1126e-06,-1.01965e-05,6.1126e-06,-2.60991e-06,2.60991e-06,0.314098,4.65283e-05,
-9.61487e-06,5.86379e-06,-9.61487e-06,5.86379e-06,-2.44608e-06,2.44608e-06,0.314102,4.38388e-05,
-9.06195e-06,5.54851e-06,-9.06195e-06,5.54851e-06,-2.29218e-06,2.29218e-06,0.314105,4.13047e-05,
-8.54184e-06,5.20335e-06,-8.54184e-06,5.20335e-06,-2.14835e-06,2.14835e-06,0.314108,3.89172e-05,
-8.05509e-06,4.86431e-06,-8.05509e-06,4.86431e-06,-2.01504e-06,2.01504e-06,0.314111,3.66665e-05,
-7.59936e-06,4.55807e-06,-7.59936e-06,4.55807e-06,-1.89237e-06,1.89237e-06,0.314114,3.45434e-05,
-7.17064e-06,4.29655e-06,-7.17064e-06,4.29655e-06,-1.77979e-06,1.77979e-06,0.314117,3.25398e-05,
-6.76479e-06,4.07643e-06,-6.76479e-06,4.07643e-06,-1.67614e-06,1.67614e-06,0.314119,3.06491e-05,
-6.37868e-06,3.88359e-06,-6.37868e-06,3.88359e-06,-1.57994e-06,1.57994e-06,0.314121,2.88655e-05,
-6.0108e-06,3.70046e-06,-6.0108e-06,3.70046e-06,-1.48979e-06,1.48979e-06,0.314124,2.71843e-05,
-5.66108e-06,3.5136e-06,-5.66108e-06,3.5136e-06,-1.4047e-06,1.4047e-06,0.314126,2.56008e-05,
-5.33019e-06,3.31835e-06,-5.33019e-06,3.31835e-06,-1.32418e-06,1.32418e-06,0.314128,2.41098e-05,
-5.01866e-06,3.11904e-06,-5.01866e-06,3.11904e-06,-1.24812e-06,1.24812e-06,0.314129,2.27063e-05,
-4.72628e-06,2.92517e-06,-4.72628e-06,2.92517e-06,-1.17655e-06,1.17655e-06,0.314131,2.13848e-05,
-4.45191e-06,2.74577e-06,-4.45191e-06,2.74577e-06,-1.10941e-06,1.10941e-06,0.314133,2.01401e-05,
-4.19387e-06,2.58495e-06,-4.19387e-06,2.58495e-06,-1.04646e-06,1.04646e-06,0.314134,1.89674e-05,
-3.95047e-06,2.44066e-06,-3.95047e-06,2.44066e-06,-9.87315e-07,9.87315e-07,0.314136,1.78626e-05,
-3.72049e-06,2.30698e-06,-3.72049e-06,2.30698e-06,-9.31556e-07,9.31556e-07,0.314137,1.6822e-05,
-3.50328e-06,2.17813e-06,-3.50328e-06,2.17813e-06,-8.78864e-07,8.78864e-07,0.314138,1.58421e-05,
-3.29851e-06,2.05159e-06,-3.29851e-06,2.05159e-06,-8.29061e-07,8.29061e-07,0.31414,1.49195e-05,
-3.10589e-06,1.9287e-06,-3.10589e-06,1.9287e-06,-7.82057e-07,7.82057e-07,0.314141,1.40508e-05,
-2.92484e-06,1.81265e-06,-2.92484e-06,1.81265e-06,-7.3777e-07,7.3777e-07,0.314142,1.32329e-05,
-2.75454e-06,1.7057e-06,-2.75454e-06,1.7057e-06,-6.96063e-07,6.96063e-07,0.314143,1.24625e-05,
-2.59413e-06,1.60757e-06,-2.59413e-06,1.60757e-06,-6.56751e-07,6.56751e-07,0.314144,1.1737e-05,
-2.44288e-06,1.51601e-06,-2.44288e-06,1.51601e-06,-6.19645e-07,6.19645e-07,0.314145,1.10537e-05,
-2.30031e-06,1.42869e-06,-2.30031e-06,1.42869e-06,-5.84599e-07,5.84599e-07,0.314146,1.04102e-05,
-2.16606e-06,1.34479e-06,-2.16606e-06,1.34479e-06,-5.51511e-07,5.51511e-07,0.314146,9.80438e-06,
-2.03975e-06,1.26503e-06,-2.03975e-06,1.26503e-06,-5.20299e-07,5.20299e-07,0.314147,9.23388e-06,
-1.9209e-06,1.19045e-06,-1.9209e-06,1.19045e-06,-4.90868e-07,4.90868e-07,0.314148,8.69661e-06,
-1.80899e-06,1.12123e-06,-1.80899e-06,1.12123e-06,-4.63109e-07,4.63109e-07,0.314148,8.19063e-06,
-1.70356e-06,1.0565e-06,-1.70356e-06,1.0565e-06,-4.36909e-07,4.36909e-07,0.314149,7.71412e-06,
-1.60423e-06,9.95186e-07,-1.60423e-06,9.95186e-07,-4.12177e-07,4.12177e-07,0.31415,7.26538e-06,
-1.51071e-06,9.36846e-07,-1.51071e-06,9.36846e-07,-3.88835e-07,3.88835e-07,0.31415,6.84281e-06,
-1.42268e-06,8.81723e-07,-1.42268e-06,8.81723e-07,-3.66816e-07,3.66816e-07,0.314151,6.44487e-06,
-1.33982e-06,8.30122e-07,-1.33982e-06,8.30122e-07,-3.46045e-07,3.46045e-07,0.314151,6.07011e-06,
-1.26178e-06,7.81882e-07,-1.26178e-06,7.81882e-07,-3.26447e-07,3.26447e-07,0.314152,5.71716e-06,
-1.18828e-06,7.36474e-07,-1.18828e-06,7.36474e-07,-3.07952e-07,3.07952e-07,0.314152,5.38477e-06,
-1.11905e-06,6.9348e-07,-1.11905e-06,6.9348e-07,-2.90498e-07,2.90498e-07,0.314153,5.07174e-06,
-1.05388e-06,6.52849e-07,-1.05388e-06,6.52849e-07,-2.74032e-07,2.74032e-07,0.314153,4.77694e-06,
-9.92525e-07,6.1468e-07,-9.92525e-07,6.1468e-07,-2.58498e-07,2.58498e-07,0.314153,4.4993e-06,
-9.34745e-07,5.78896e-07,-9.34745e-07,5.78896e-07,-2.43843e-07,2.43843e-07,0.314154,4.23783e-06,
-8.80326e-07,5.4522e-07,-8.80326e-07,5.4522e-07,-2.30014e-07,2.30014e-07,0.314154,3.99157e-06,
-8.2908e-07,5.1341e-07,-8.2908e-07,5.1341e-07,-2.16966e-07,2.16966e-07,0.314154,3.75964e-06,
-7.80826e-07,4.83404e-07,-7.80826e-07,4.83404e-07,-2.04658e-07,2.04658e-07,0.314155,3.54122e-06,
-7.3539e-07,4.552e-07,-7.3539e-07,4.552e-07,-1.93046e-07,1.93046e-07,0.314155,3.3355e-06,
-6.92601e-07,4.28703e-07,-6.92601e-07,4.28703e-07,-1.82091e-07,1.82091e-07,0.314155,3.14175e-06,
-6.52303e-07,4.03739e-07,-6.52303e-07,4.03739e-07,-1.71755e-07,1.71755e-07,0.314155,2.95928e-06,
-6.14354e-07,3.80187e-07,-6.14354e-07,3.80187e-07,-1.62005e-07,1.62005e-07,0.314156,2.78741e-06,
-5.78619e-07,3.58008e-07,-5.78619e-07,3.58008e-07,-1.52807e-07,1.52807e-07,0.314156,2.62555e-06,
-5.44967e-07,3.37157e-07,-5.44967e-07,3.37157e-07,-1.44131e-07,1.44131e-07,0.314156,2.4731e-06,
-5.13273e-07,3.17531e-07,-5.13273e-07,3.17531e-07,-1.35945e-07,1.35945e-07,0.314156,2.32951e-06,
-4.83426e-07,2.99031e-07,-4.83426e-07,2.99031e-07,-1.28224e-07,1.28224e-07,0.314156,2.19427e-06,
-4.55318e-07,2.81601e-07,-4.55318e-07,2.81601e-07,-1.2094e-07,1.2094e-07,0.314157,2.06689e-06,
-4.28848e-07,2.65202e-07,-4.28848e-07,2.65202e-07,-1.1407e-07,1.1407e-07,0.314157,1.94692e-06,
-4.03918e-07,2.49768e-07,-4.03918e-07,2.49768e-07,-1.07589e-07,1.07589e-07,0.314157,1.83392e-06,
-3.8044e-07,2.35226e-07,-3.8044e-07,2.35226e-07,-1.01475e-07,1.01475e-07,0.314157,1.72749e-06,
-3.58329e-07,2.21525e-07,-3.58329e-07,2.21525e-07,-9.57085e-08,9.57085e-08,0.314157,1.62724e-06,
-3.37505e-07,2.0863e-07,-3.37505e-07,2.0863e-07,-9.02692e-08,9.02692e-08,0.314157,1.53282e-06,
-3.17893e-07,1.96492e-07,-3.17893e-07,1.96492e-07,-8.51385e-08,8.51385e-08,0.314157,1.44388e-06,
-2.99423e-07,1.85056e-07,-2.99423e-07,1.85056e-07,-8.02991e-08,8.02991e-08,0.314157,1.36012e-06,
-2.82027e-07,1.74285e-07,-2.82027e-07,1.74285e-07,-7.57344e-08,7.57344e-08,0.314158,1.28121e-06,
-2.65644e-07,1.64145e-07,-2.65644e-07,1.64145e-07,-7.1429e-08,7.1429e-08,0.314158,1.20689e-06,
-2.50213e-07,1.54598e-07,-2.50213e-07,1.54598e-07,-6.73681e-08,6.73681e-08,0.314158,1.13689e-06,
-2.35681e-07,1.45604e-07,-2.35681e-07,1.45604e-07,-6.35378e-08,6.35378e-08,0.314158,1.07096e-06,
-2.21993e-07,1.37134e-07,-2.21993e-07,1.37134e-07,-5.99252e-08,5.99252e-08,0.314158,1.00885e-06,
-2.09102e-07,1.2916e-07,-2.09102e-07,1.2916e-07,-5.65178e-08,5.65178e-08,0.314158,9.50345e-07,
-1.9696e-07,1.2165e-07,-1.9696e-07,1.2165e-07,-5.33041e-08,5.33041e-08,0.314158,8.9524e-07,
-1.85524e-07,1.14576e-07,-1.85524e-07,1.14576e-07,-5.0273e-08,5.0273e-08,0.314158,8.43334e-07,
-1.74754e-07,1.07914e-07,-1.74754e-07,1.07914e-07,-4.74142e-08,4.74142e-08,0.314158,7.94441e-07,
-1.64609e-07,1.01641e-07,-1.64609e-07,1.01641e-07,-4.47179e-08,4.47179e-08,0.314158,7.48386e-07,
-1.55054e-07,9.5733e-08,-1.55054e-07,9.5733e-08,-4.21749e-08,4.21749e-08,0.314158,7.05004e-07,
-1.46055e-07,9.01686e-08,-1.46055e-07,9.01686e-08,-3.97765e-08,3.97765e-08,0.314158,6.6414e-07,
-1.37578e-07,8.49284e-08,-1.37578e-07,8.49284e-08,-3.75145e-08,3.75145e-08,0.314158,6.25648e-07,
-1.29594e-07,7.99933e-08,-1.29594e-07,7.99933e-08,-3.53811e-08,3.53811e-08,0.314158,5.89388e-07,
-1.22074e-07,7.53452e-08,-1.22074e-07,7.53452e-08,-3.3369e-08,3.3369e-08,0.314159,5.55233e-07,
-1.14991e-07,7.09676e-08,-1.14991e-07,7.09676e-08,-3.14714e-08,3.14714e-08,0.314159,5.23059e-07,
-1.08319e-07,6.68449e-08,-1.08319e-07,6.68449e-08,-2.96818e-08,2.96818e-08,0.314159,4.92752e-07,
-1.02035e-07,6.29619e-08,-1.02035e-07,6.29619e-08,-2.79939e-08,2.79939e-08,0.314159,4.64203e-07,
-9.61163e-08,5.93048e-08,-9.61163e-08,5.93048e-08,-2.64021e-08,2.64021e-08,0.314159,4.3731e-07,
-9.0541e-08,5.58604e-08,-9.0541e-08,5.58604e-08,-2.49008e-08,2.49008e-08,0.314159,4.11976e-07,
-8.52896e-08,5.26164e-08,-8.52896e-08,5.26164e-08,-2.3485e-08,2.3485e-08,0.314159,3.88112e-07,
-8.03431e-08,4.9561e-08,-8.03431e-08,4.9561e-08,-2.21497e-08,2.21497e-08,0.314159,3.65632e-07,
-7.56838e-08,4.66833e-08,-7.56838e-08,4.66833e-08,-2.08904e-08,2.08904e-08,0.314159,3.44455e-07,
-7.12951e-08,4.39729e-08,-7.12951e-08,4.39729e-08,-1.97027e-08,1.97027e-08,0.314159,3.24506e-07,
-6.71611e-08,4.14201e-08,-6.71611e-08,4.14201e-08,-1.85827e-08,1.85827e-08,0.314159,3.05714e-07,
-6.32671e-08,3.90157e-08,-6.32671e-08,3.90157e-08,-1.75263e-08,1.75263e-08,0.314159,2.88011e-07,
-5.95992e-08,3.6751e-08,-5.95992e-08,3.6751e-08,-1.65301e-08,1.65301e-08,0.314159,2.71335e-07,
-5.61441e-08,3.4618e-08,-5.61441e-08,3.4618e-08,-1.55906e-08,1.55906e-08,0.314159,2.55625e-07,
-5.28896e-08,3.26089e-08,-5.28896e-08,3.26089e-08,-1.47045e-08,1.47045e-08,0.314159,2.40825e-07,
-4.98239e-08,3.07166e-08,-4.98239e-08,3.07166e-08,-1.38689e-08,1.38689e-08,0.314159,2.26884e-07,
-4.69361e-08,2.89342e-08,-4.69361e-08,2.89342e-08,-1.30808e-08,1.30808e-08,0.314159,2.1375e-07,
-4.42159e-08,2.72554e-08,-4.42159e-08,2.72554e-08,-1.23376e-08,1.23376e-08,0.314159,2.01378e-07,
-4.16536e-08,2.56741e-08,-4.16536e-08,2.56741e-08,-1.16366e-08,1.16366e-08,0.314159,1.89722e-07,
-3.92398e-08,2.41846e-08,-3.92398e-08,2.41846e-08,-1.09756e-08,1.09756e-08,0.314159,1.78742e-07,
-3.69661e-08,2.27817e-08,-3.69661e-08,2.27817e-08,-1.03522e-08,1.03522e-08,0.314159,1.68397e-07,
-3.48243e-08,2.14602e-08,-3.48243e-08,2.14602e-08,-9.76422e-09,9.76422e-09,0.314159,1.58653e-07,
-3.28067e-08,2.02155e-08,-3.28067e-08,2.02155e-08,-9.20973e-09,9.20973e-09,0.314159,1.49472e-07,
-3.09062e-08,1.90431e-08,-3.09062e-08,1.90431e-08,-8.68678e-09,8.68678e-09,0.314159,1.40824e-07,
-2.91158e-08,1.79387e-08,-2.91158e-08,1.79387e-08,-8.1936e-09,8.1936e-09,0.314159,1.32676e-07,
-2.74293e-08,1.68985e-08,-2.74293e-08,1.68985e-08,-7.72847e-09,7.72847e-09,0.314159,1.25001e-07,
-2.58406e-08,1.59186e-08,-2.58406e-08,1.59186e-08,-7.28981e-09,7.28981e-09,0.314159,1.17769e-07,
-2.43439e-08,1.49957e-08,-2.43439e-08,1.49957e-08,-6.8761e-09,6.8761e-09,0.314159,1.10957e-07,
-2.29341e-08,1.41263e-08,-2.29341e-08,1.41263e-08,-6.48593e-09,6.48593e-09,0.314159,1.04539e-07,
-2.1606e-08,1.33073e-08,-2.1606e-08,1.33073e-08,-6.11796e-09,6.11796e-09,0.314159,9.84927e-08,
-2.03549e-08,1.25359e-08,-2.03549e-08,1.25359e-08,-5.77092e-09,5.77092e-09,0.314159,9.27965e-08,
-1.91763e-08,1.18093e-08,-1.91763e-08,1.18093e-08,-5.44362e-09,5.44362e-09,0.314159,8.74301e-08,
-1.8066e-08,1.11248e-08,-1.8066e-08,1.11248e-08,-5.13493e-09,5.13493e-09,0.314159,8.23743e-08,
-1.70201e-08,1.04801e-08,-1.70201e-08,1.04801e-08,-4.8438e-09,4.8438e-09,0.314159,7.76113e-08,
-1.60347e-08,9.87271e-09,-1.60347e-08,9.87271e-09,-4.56923e-09,4.56923e-09,0.314159,7.31239e-08,
-1.51065e-08,9.30059e-09,-1.51065e-08,9.30059e-09,-4.31026e-09,4.31026e-09,0.314159,6.88962e-08,
-1.42321e-08,8.76166e-09,-1.42321e-08,8.76166e-09,-4.06603e-09,4.06603e-09,0.314159,6.49133e-08,
-1.34083e-08,8.254e-09,-1.34083e-08,8.254e-09,-3.83567e-09,3.83567e-09,0.314159,6.11608e-08,
-1.26323e-08,7.77578e-09,-1.26323e-08,7.77578e-09,-3.61842e-09,3.61842e-09,0.314159,5.76255e-08,
-1.19012e-08,7.3253e-09,-1.19012e-08,7.3253e-09,-3.41351e-09,3.41351e-09,0.314159,5.42948e-08,
-1.12125e-08,6.90094e-09,-1.12125e-08,6.90094e-09,-3.22025e-09,3.22025e-09,0.314159,5.11568e-08,
-1.05637e-08,6.50119e-09,-1.05637e-08,6.50119e-09,-3.03797e-09,3.03797e-09,0.314159,4.82004e-08,
-9.95244e-09,6.12461e-09,-9.95244e-09,6.12461e-09,-2.86605e-09,2.86605e-09,0.314159,4.5415e-08,
-9.3766e-09,5.76988e-09,-9.3766e-09,5.76988e-09,-2.7039e-09,2.7039e-09,0.314159,4.27908e-08,
-8.83411e-09,5.43571e-09,-8.83411e-09,5.43571e-09,-2.55096e-09,2.55096e-09,0.314159,4.03183e-08,
-8.32304e-09,5.12092e-09,-8.32304e-09,5.12092e-09,-2.40671e-09,2.40671e-09,0.314159,3.79889e-08,
-7.84157e-09,4.82437e-09,-7.84157e-09,4.82437e-09,-2.27065e-09,2.27065e-09,0.314159,3.57942e-08,
-7.38797e-09,4.54502e-09,-7.38797e-09,4.54502e-09,-2.14232e-09,2.14232e-09,0.314159,3.37264e-08,
-6.96064e-09,4.28185e-09,-6.96064e-09,4.28185e-09,-2.02127e-09,2.02127e-09,0.314159,3.17783e-08,
-6.55806e-09,4.03394e-09,-6.55806e-09,4.03394e-09,-1.9071e-09,1.9071e-09,0.314159,2.99428e-08,
-6.17878e-09,3.80039e-09,-6.17878e-09,3.80039e-09,-1.79941e-09,1.79941e-09,0.314159,2.82134e-08,
-5.82146e-09,3.58039e-09,-5.82146e-09,3.58039e-09,-1.69783e-09,1.69783e-09,0.314159,2.6584e-08,
-5.48482e-09,3.37313e-09,-5.48482e-09,3.37313e-09,-1.60201e-09,1.60201e-09,0.314159,2.50489e-08,
-5.16767e-09,3.17788e-09,-5.16767e-09,3.17788e-09,-1.51164e-09,1.51164e-09,0.314159,2.36025e-08,
-4.86887e-09,2.99394e-09,-4.86887e-09,2.99394e-09,-1.42638e-09,1.42638e-09,0.314159,2.22397e-08,
-4.58737e-09,2.82066e-09,-4.58737e-09,2.82066e-09,-1.34597e-09,1.34597e-09,0.314159,2.09557e-08,
-4.32217e-09,2.65742e-09,-4.32217e-09,2.65742e-09,-1.27011e-09,1.27011e-09,0.314159,1.97459e-08,
-4.07231e-09,2.50363e-09,-4.07231e-09,2.50363e-09,-1.19856e-09,1.19856e-09,0.314159,1.8606e-08,
-3.83691e-09,2.35875e-09,-3.83691e-09,2.35875e-09,-1.13106e-09,1.13106e-09,0.314159,1.7532e-08,
-3.61513e-09,2.22227e-09,-3.61513e-09,2.22227e-09,-1.06739e-09,1.06739e-09,0.314159,1.65201e-08,
-3.40618e-09,2.09369e-09,-3.40618e-09,2.09369e-09,-1.00732e-09,1.00732e-09,0.314159,1.55667e-08,
-3.20932e-09,1.97256e-09,-3.20932e-09,1.97256e-09,-9.50664e-10,9.50664e-10,0.314159,1.46683e-08,
-3.02385e-09,1.85844e-09,-3.02385e-09,1.85844e-09,-8.97213e-10,8.97213e-10,0.314159,1.38219e-08,
-2.84911e-09,1.75093e-09,-2.84911e-09,1.75093e-09,-8.46789e-10,8.46789e-10,0.314159,1.30244e-08,
-2.68448e-09,1.64965e-09,-2.68448e-09,1.64965e-09,-7.9922e-10,7.9922e-10,0.314159,1.22729e-08,
-2.52937e-09,1.55423e-09,-2.52937e-09,1.55423e-09,-7.54344e-10,7.54344e-10,0.314159,1.15649e-08,
-2.38323e-09,1.46433e-09,-2.38323e-09,1.46433e-09,-7.12008e-10,7.12008e-10,0.314159,1.08977e-08,
-2.24555e-09,1.37965e-09,-2.24555e-09,1.37965e-09,-6.72068e-10,6.72068e-10,0.314159,1.02691e-08,
-2.11583e-09,1.29985e-09,-2.11583e-09,1.29985e-09,-6.34387e-10,6.34387e-10,0.314159,9.67681e-09,
-1.9936e-09,1.22469e-09,-1.9936e-09,1.22469e-09,-5.98837e-10,5.98837e-10,0.314159,9.11872e-09,
-1.87845e-09,1.15387e-09,-1.87845e-09,1.15387e-09,-5.65297e-10,5.65297e-10,0.314159,8.59286e-09,
-1.76996e-09,1.08715e-09,-1.76996e-09,1.08715e-09,-5.33653e-10,5.33653e-10,0.314159,8.09736e-09,
-1.66774e-09,1.02429e-09,-1.66774e-09,1.02429e-09,-5.03798e-10,5.03798e-10,0.314159,7.63048e-09,
-1.57142e-09,9.65074e-10,-1.57142e-09,9.65074e-10,-4.75629e-10,4.75629e-10,0.314159,7.19055e-09,
-1.48068e-09,9.09281e-10,-1.48068e-09,9.09281e-10,-4.49052e-10,4.49052e-10,0.314159,6.77602e-09,
-1.39518e-09,8.5672e-10,-1.39518e-09,8.5672e-10,-4.23975e-10,4.23975e-10,0.314159,6.38543e-09,
-1.31463e-09,8.07199e-10,-1.31463e-09,8.07199e-10,-4.00314e-10,4.00314e-10,0.314159,6.01738e-09,
-1.23873e-09,7.6054e-10,-1.23873e-09,7.6054e-10,-3.77989e-10,3.77989e-10,0.314159,5.67057e-09,
-0.080206,-1.2214,-0.080206,-1.2214,-0.0439036,0.0439036,0.315195,0.0095534,
-0.209633,-1.37284,-0.209633,-1.37284,-0.0803492,0.0803492,0.315187,-0.0277837,
-0.28629,-0.495082,-0.28629,-0.495082,-0.0848014,0.0848014,0.309984,-0.110464,
-0.299456,0.0419416,-0.299456,0.0419416,-0.0639293,0.0639293,0.297771,-0.19929,
-0.293103,0.0761985,-0.293103,0.0761985,-0.0363465,0.0363465,0.278872,-0.280291,
-0.25757,0.503793,-0.25757,0.503793,-0.00289904,0.00289904,0.253338,-0.362039,
-0.166074,1.14662,-0.166074,1.14662,0.0396543,-0.0396543,0.221582,-0.429884,
-0.0456155,1.27289,-0.0456155,1.27289,0.0757725,-0.0757725,0.185918,-0.459976,
0.0575843,0.948233,0.0575843,0.948233,0.0895816,-0.0895816,0.149556,-0.452055,
0.120401,0.492244,0.120401,0.492244,0.0773717,-0.0773717,0.115018,-0.419556,
0.158792,0.343583,0.158792,0.343583,0.054859,-0.054859,0.0834287,-0.378769,
0.178491,0.131745,0.178491,0.131745,0.0312664,-0.0312664,0.0555018,-0.32925,
0.159865,-0.348159,0.159865,-0.348159,0.00517082,-0.00517082,0.0318984,-0.275287,
0.117789,-0.470254,0.117789,-0.470254,-0.0122007,0.0122007,0.012024,-0.235801,
0.080217,-0.341886,0.080217,-0.341886,-0.014677,0.014677,-0.00540783,-0.211387,
0.0483769,-0.317452,0.0483769,-0.317452,-0.00911497,0.00911497,-0.0212257,-0.194566,
0.0268009,-0.173112,0.0268009,-0.173112,0.00179505,-0.00179505,-0.0361573,-0.186923,
0.0201765,-0.0161077,0.0201765,-0.0161077,0.0133579,-0.0133579,-0.0507211,-0.183199,
0.0185831,-0.0163758,0.0185831,-0.0163758,0.0183119,-0.0183119,-0.0649225,-0.177851,
0.0191796,0.0171022,0.0191796,0.0171022,0.0176939,-0.0176939,-0.0787475,-0.173194,
0.0220987,0.0360776,0.0220987,0.0360776,0.0137398,-0.0137398,-0.0921867,-0.167827,
0.0242075,0.0144467,0.0242075,0.0144467,0.00858224,-0.00858224,-0.105138,-0.161122,
0.0276734,0.0457049,0.0276734,0.0457049,0.0061053,-0.0061053,-0.117587,-0.154584,
0.0320888,0.0448578,0.0320888,0.0448578,0.00609946,-0.00609946,-0.129456,-0.146439,
0.0351247,0.024266,0.0351247,0.024266,0.00721492,-0.00721492,-0.140621,-0.13695,
0.0363814,0.00725384,0.0363814,0.00725384,0.00830615,-0.00830615,-0.15101,-0.126939,
0.0342806,-0.0355428,0.0342806,-0.0355428,0.00780833,-0.00780833,-0.160576,-0.116611,
0.029601,-0.0538582,0.029601,-0.0538582,0.00637441,-0.00637441,-0.169374,-0.107628,
0.0241731,-0.0562832,0.0241731,-0.0562832,0.00490005,-0.00490005,-0.177528,-0.100292,
0.0193455,-0.0459559,0.0193455,-0.0459559,0.00411366,-0.00411366,-0.185174,-0.0945654,
0.0165201,-0.0205205,0.0165201,-0.0205205,0.00439588,-0.00439588,-0.192434,-0.0901267,
0.0154449,-0.00632526,0.0154449,-0.00632526,0.00500369,-0.00500369,-0.199363,-0.0860173,
0.0154932,0.00383272,0.0154932,0.00383272,0.00540649,-0.00540649,-0.205977,-0.0819724,
0.0158521,0.00358878,0.0158521,0.00358878,0.00520386,-0.00520386,-0.212262,-0.0776946,
0.0159087,-0.000895474,0.0159087,-0.000895474,0.00453774,-0.00453774,-0.218204,-0.0732923,
0.0156399,-0.0036546,0.0156399,-0.0036546,0.00386815,-0.00386815,-0.2238,-0.0689533,
0.0150296,-0.00750414,0.0150296,-0.00750414,0.00343355,-0.00343355,-0.229057,-0.0647188,
0.014234,-0.00844187,0.014234,-0.00844187,0.00332359,-0.00332359,-0.23399,-0.060726,
0.0132525,-0.0108115,0.0132525,-0.0108115,0.00330586,-0.00330586,-0.238616,-0.05695,
0.0121452,-0.0115689,0.0121452,-0.0115689,0.00322491,-0.00322491,-0.242956,-0.0534844,
0.0110304,-0.0113114,0.0110304,-0.0113114,0.003021,-0.003021,-0.247036,-0.0503375,
0.0100551,-0.00931317,0.0100551,-0.00931317,0.00277556,-0.00277556,-0.250882,-0.0475039,
0.00934977,-0.00618022,0.00934977,-0.00618022,0.00259187,-0.00259187,-0.254517,-0.0449175,
0.00889427,-0.00391011,0.00889427,-0.00391011,0.00248045,-0.00248045,-0.257954,-0.0424739,
0.00859428,-0.00265353,0.00859428,-0.00265353,0.00240277,-0.00240277,-0.261203,-0.0401154,
0.00830113,-0.00316472,0.00830113,-0.00316472,0.00228852,-0.00228852,-0.264268,-0.0378077,
0.00793949,-0.00395746,0.00793949,-0.00395746,0.00213606,-0.00213606,-0.267155,-0.0355848,
0.00749631,-0.00481099,0.00749631,-0.00481099,0.00197159,-0.00197159,-0.26987,-0.0334709,
0.00701818,-0.00492521,0.00701818,-0.00492521,0.0018395,-0.0018395,-0.272424,-0.0314952,
0.00654837,-0.00474252,0.00654837,-0.00474252,0.00174427,-0.00174427,-0.274829,-0.0296533,
0.00611399,-0.00429251,0.00611399,-0.00429251,0.00166857,-0.00166857,-0.277093,-0.0279388,
0.00572185,-0.00386973,0.00572185,-0.00386973,0.00158743,-0.00158743,-0.279227,-0.026336,
0.00537358,-0.00340861,0.00537358,-0.00340861,0.00149584,-0.00149584,-0.281239,-0.0248344,
0.00506851,-0.00297644,0.00506851,-0.00297644,0.00140323,-0.00140323,-0.283137,-0.0234211,
0.00479986,-0.00263352,0.00479986,-0.00263352,0.00132052,-0.00132052,-0.284927,-0.0220844,
0.00455356,-0.00246111,0.00455356,-0.00246111,0.00124884,-0.00124884,-0.286614,-0.0208149,
0.00431311,-0.00245648,0.00431311,-0.00245648,0.00118174,-0.00118174,-0.288203,-0.0196087,
0.00406997,-0.00249975,0.00406997,-0.00249975,0.00111454,-0.00111454,-0.289701,-0.0184676,
0.00382619,-0.0024883,0.00382619,-0.0024883,0.00104806,-0.00104806,-0.291111,-0.0173937,
0.00359115,-0.00236074,0.00359115,-0.00236074,0.000986599,-0.000986599,-0.292439,-0.0163869,
0.00337273,-0.0021701,0.00337273,-0.0021701,0.000931707,-0.000931707,-0.293691,-0.0154428,
0.00317363,-0.00196929,0.00317363,-0.00196929,0.000881616,-0.000881616,-0.29487,-0.0145556,
0.00299142,-0.00181035,0.00299142,-0.00181035,0.000833176,-0.000833176,-0.295982,-0.0137196,
0.00282255,-0.00168508,0.00282255,-0.00168508,0.000785556,-0.000785556,-0.29703,-0.0129308,
0.002664,-0.00158933,0.002664,-0.00158933,0.000739811,-0.000739811,-0.298018,-0.0121859,
0.00251389,-0.00150763,0.00251389,-0.00150763,0.000697367,-0.000697367,-0.298949,-0.0114829,
0.00237068,-0.00144254,0.00237068,-0.00144254,0.000658143,-0.000658143,-0.299826,-0.0108195,
0.00223359,-0.00138139,0.00223359,-0.00138139,0.000621266,-0.000621266,-0.300652,-0.0101941,
0.00210272,-0.00131635,0.00210272,-0.00131635,0.000586018,-0.000586018,-0.30143,-0.0096053,
0.00197911,-0.00123785,0.00197911,-0.00123785,0.000552539,-0.000552539,-0.302164,-0.00905131,
0.00186357,-0.00115326,0.00186357,-0.00115326,0.000521139,-0.000521139,-0.302855,-0.00852996,
0.00175607,-0.00107227,0.00175607,-0.00107227,0.000491802,-0.000491802,-0.303507,-0.00803887,
0.00165565,-0.00100414,0.00165565,-0.00100414,0.000464112,-0.000464112,-0.304121,-0.00757585,
0.00156113,-0.000947667,0.00156113,-0.000947667,0.000437761,-0.000437761,-0.3047,-0.00713915,
0.00147168,-0.000898118,0.00147168,-0.000898118,0.000412744,-0.000412744,-0.305245,-0.00672737,
0.00138693,-0.000850774,0.00138693,-0.000850774,0.000389203,-0.000389203,-0.305759,-0.00633925,
0.00130676,-0.000804313,0.00130676,-0.000804313,0.000367138,-0.000367138,-0.306243,-0.00597355,
0.00123106,-0.000758949,0.00123106,-0.000758949,0.000346373,-0.000346373,-0.306699,-0.00562903,
0.00115973,-0.000714588,0.00115973,-0.000714588,0.000326731,-0.000326731,-0.307129,-0.0053045,
0.00109265,-0.000671584,0.00109265,-0.000671584,0.000308146,-0.000308146,-0.307534,-0.00499878,
0.00102964,-0.000630571,0.00102964,-0.000630571,0.000290623,-0.000290623,-0.307916,-0.00471072,
0.000970427,-0.000592991,0.000970427,-0.000592991,0.000274125,-0.000274125,-0.308276,-0.00443923,
0.000914649,-0.000559023,0.000914649,-0.000559023,0.000258568,-0.000258568,-0.308615,-0.00418332,
0.000861998,-0.000528029,0.000861998,-0.000528029,0.000243867,-0.000243867,-0.308935,-0.00394211,
0.000812275,-0.000498633,0.000812275,-0.000498633,0.000229985,-0.000229985,-0.309236,-0.0037148,
0.00076536,-0.000470259,0.00076536,-0.000470259,0.000216903,-0.000216903,-0.309519,-0.00350063,
0.000721152,-0.000442925,0.000721152,-0.000442925,0.000204583,-0.000204583,-0.309787,-0.00329883,
0.000679527,-0.000416989,0.000679527,-0.000416989,0.000192963,-0.000192963,-0.310039,-0.00310869,
0.000640336,-0.000392607,0.000640336,-0.000392607,0.000181992,-0.000181992,-0.310276,-0.00292952,
0.000603432,-0.000369738,0.000603432,-0.000369738,0.000171637,-0.000171637,-0.3105,-0.00276067,
0.000568667,-0.000348361,0.000568667,-0.000348361,0.000161872,-0.000161872,-0.310711,-0.00260155,
0.000535901,-0.00032838,0.000535901,-0.00032838,0.000152668,-0.000152668,-0.310909,-0.00245159,
0.000505006,-0.000309661,0.000505006,-0.000309661,0.000143985,-0.000143985,-0.311097,-0.00231027,
0.000475877,-0.000291959,0.000475877,-0.000291959,0.000135793,-0.000135793,-0.311273,-0.00217711,
0.000448421,-0.000275133,0.000448421,-0.000275133,0.000128066,-0.000128066,-0.311439,-0.00205162,
0.000422555,-0.000259168,0.000422555,-0.000259168,0.00012078,-0.00012078,-0.311596,-0.00193338,
0.00039819,-0.000244117,0.00039819,-0.000244117,0.00011391,-0.00011391,-0.311744,-0.00182195,
0.000375237,-0.000229995,0.000375237,-0.000229995,0.000107429,-0.000107429,-0.311883,-0.00171695,
0.000353609,-0.000216737,0.000353609,-0.000216737,0.000101315,-0.000101315,-0.312014,-0.001618,
0.000333226,-0.000204268,0.000333226,-0.000204268,9.5548e-05,-9.5548e-05,-0.312138,-0.00152475,
0.000314015,-0.000192519,0.000314015,-0.000192519,9.01103e-05,-9.01103e-05,-0.312254,-0.00143688,
0.00029591,-0.00018144,0.00029591,-0.00018144,8.49822e-05,-8.49822e-05,-0.312364,-0.00135407,
0.000278847,-0.000170984,0.000278847,-0.000170984,8.01453e-05,-8.01453e-05,-0.312467,-0.00127604,
0.000262769,-0.00016111,0.000262769,-0.00016111,7.55833e-05,-7.55833e-05,-0.312565,-0.0012025,
0.00024762,-0.000151798,0.00024762,-0.000151798,7.12809e-05,-7.12809e-05,-0.312657,-0.00113321,
0.000233346,-0.000143031,0.000233346,-0.000143031,6.72235e-05,-6.72235e-05,-0.312743,-0.00106791,
0.000219896,-0.000134786,0.000219896,-0.000134786,6.33968e-05,-6.33968e-05,-0.312825,-0.00100637,
0.000207221,-0.000127023,0.000207221,-0.000127023,5.97877e-05,-5.97877e-05,-0.312902,-0.000948382,
0.000195275,-0.000119706,0.000195275,-0.000119706,5.63839e-05,-5.63839e-05,-0.312974,-0.000893734,
0.000184018,-0.000112806,0.000184018,-0.000112806,5.31739e-05,-5.31739e-05,-0.313042,-0.000842237,
0.00017341,-0.000106301,0.00017341,-0.000106301,5.01467e-05,-5.01467e-05,-0.313107,-0.000793707,
0.000163414,-0.000100168,0.000163414,-0.000100168,4.72917e-05,-4.72917e-05,-0.313167,-0.000747976,
0.000153995,-9.43897e-05,0.000153995,-9.43897e-05,4.45992e-05,-4.45992e-05,-0.313224,-0.00070488,
0.000145119,-8.89455e-05,0.000145119,-8.89455e-05,4.20599e-05,-4.20599e-05,-0.313278,-0.000664267,
0.000136754,-8.38177e-05,0.000136754,-8.38177e-05,3.96652e-05,-3.96652e-05,-0.313329,-0.000625996,
0.000128872,-7.89872e-05,0.000128872,-7.89872e-05,3.74068e-05,-3.74068e-05,-0.313377,-0.00058993,
0.000121444,-7.44349e-05,0.000121444,-7.44349e-05,3.5277e-05,-3.5277e-05,-0.313422,-0.000555943,
0.000114445,-7.01437e-05,0.000114445,-7.01437e-05,3.32684e-05,-3.32684e-05,-0.313464,-0.000523914,
0.000107849,-6.60988e-05,0.000107849,-6.60988e-05,3.13742e-05,-3.13742e-05,-0.313504,-0.000493731,
0.000101633,-6.22873e-05,0.000101633,-6.22873e-05,2.95878e-05,-2.95878e-05,-0.313542,-0.000465288,
9.57755e-05,-5.8696e-05,9.57755e-05,-5.8696e-05,2.79032e-05,-2.79032e-05,-0.313578,-0.000438484,
9.02558e-05,-5.53121e-05,9.02558e-05,-5.53121e-05,2.63144e-05,-2.63144e-05,-0.313611,-0.000413224,
8.50543e-05,-5.21237e-05,8.50543e-05,-5.21237e-05,2.48162e-05,-2.48162e-05,-0.313643,-0.00038942,
8.01527e-05,-4.91192e-05,8.01527e-05,-4.91192e-05,2.34032e-05,-2.34032e-05,-0.313672,-0.000366988,
7.55336e-05,-4.62879e-05,7.55336e-05,-4.62879e-05,2.20707e-05,-2.20707e-05,-0.3137,-0.000345849,
7.11808e-05,-4.36195e-05,7.11808e-05,-4.36195e-05,2.08141e-05,-2.08141e-05,-0.313727,-0.000325927,
6.70789e-05,-4.11048e-05,6.70789e-05,-4.11048e-05,1.96291e-05,-1.96291e-05,-0.313752,-0.000307154,
6.32134e-05,-3.87352e-05,6.32134e-05,-3.87352e-05,1.85115e-05,-1.85115e-05,-0.313775,-0.000289462,
5.95708e-05,-3.65024e-05,5.95708e-05,-3.65024e-05,1.74576e-05,-1.74576e-05,-0.313797,-0.000272789,
5.61382e-05,-3.43984e-05,5.61382e-05,-3.43984e-05,1.64637e-05,-1.64637e-05,-0.313818,-0.000257078,
5.29034e-05,-3.24157e-05,5.29034e-05,-3.24157e-05,1.55265e-05,-1.55265e-05,-0.313838,-0.000242271,
4.98551e-05,-3.05473e-05,4.98551e-05,-3.05473e-05,1.46426e-05,-1.46426e-05,-0.313856,-0.000228318,
4.69824e-05,-2.87866e-05,4.69824e-05,-2.87866e-05,1.3809e-05,-1.3809e-05,-0.313874,-0.000215168,
4.42754e-05,-2.71274e-05,4.42754e-05,-2.71274e-05,1.30229e-05,-1.30229e-05,-0.31389,-0.000202777,
4.17244e-05,-2.55638e-05,4.17244e-05,-2.55638e-05,1.22816e-05,-1.22816e-05,-0.313906,-0.000191099,
3.93204e-05,-2.40904e-05,3.93204e-05,-2.40904e-05,1.15825e-05,-1.15825e-05,-0.31392,-0.000180093,
3.70549e-05,-2.2702e-05,3.70549e-05,-2.2702e-05,1.09232e-05,-1.09232e-05,-0.313934,-0.000169722,
3.49201e-05,-2.13936e-05,3.49201e-05,-2.13936e-05,1.03015e-05,-1.03015e-05,-0.313947,-0.000159949,
3.29082e-05,-2.01606e-05,3.29082e-05,-2.01606e-05,9.71516e-06,-9.71516e-06,-0.313959,-0.000150738,
3.10123e-05,-1.89987e-05,3.10123e-05,-1.89987e-05,9.16224e-06,-9.16224e-06,-0.313971,-0.000142058,
2.92257e-05,-1.79038e-05,2.92257e-05,-1.79038e-05,8.6408e-06,-8.6408e-06,-0.313982,-0.000133878,
2.7542e-05,-1.6872e-05,2.7542e-05,-1.6872e-05,8.14906e-06,-8.14906e-06,-0.313992,-0.000126169,
2.59554e-05,-1.58997e-05,2.59554e-05,-1.58997e-05,7.68532e-06,-7.68532e-06,-0.314001,-0.000118904,
2.44602e-05,-1.49835e-05,2.44602e-05,-1.49835e-05,7.248e-06,-7.248e-06,-0.314011,-0.000112058,
2.30511e-05,-1.412e-05,2.30511e-05,-1.412e-05,6.83558e-06,-6.83558e-06,-0.314019,-0.000105606,
2.17233e-05,-1.33064e-05,2.17233e-05,-1.33064e-05,6.44665e-06,-6.44665e-06,-0.314027,-9.95259e-05,
2.0472e-05,-1.25396e-05,2.0472e-05,-1.25396e-05,6.07987e-06,-6.07987e-06,-0.314035,-9.37958e-05,
1.92928e-05,-1.1817e-05,1.92928e-05,-1.1817e-05,5.73397e-06,-5.73397e-06,-0.314042,-8.83958e-05,
1.81815e-05,-1.11361e-05,1.81815e-05,-1.11361e-05,5.40777e-06,-5.40777e-06,-0.314049,-8.33068e-05,
1.71342e-05,-1.04944e-05,1.71342e-05,-1.04944e-05,5.10015e-06,-5.10015e-06,-0.314055,-7.85108e-05,
1.61473e-05,-9.88976e-06,1.61473e-05,-9.88976e-06,4.81004e-06,-4.81004e-06,-0.314061,-7.39911e-05,
1.52173e-05,-9.31993e-06,1.52173e-05,-9.31993e-06,4.53646e-06,-4.53646e-06,-0.314067,-6.97317e-05,
1.43409e-05,-8.78294e-06,1.43409e-05,-8.78294e-06,4.27845e-06,-4.27845e-06,-0.314072,-6.57176e-05,
1.35149e-05,-8.27691e-06,1.35149e-05,-8.27691e-06,4.03513e-06,-4.03513e-06,-0.314077,-6.19347e-05,
1.27365e-05,-7.80003e-06,1.27365e-05,-7.80003e-06,3.80566e-06,-3.80566e-06,-0.314082,-5.83696e-05,
1.2003e-05,-7.35064e-06,1.2003e-05,-7.35064e-06,3.58926e-06,-3.58926e-06,-0.314086,-5.50098e-05,
1.13118e-05,-6.92715e-06,1.13118e-05,-6.92715e-06,3.38518e-06,-3.38518e-06,-0.31409,-5.18435e-05,
1.06603e-05,-6.52807e-06,1.06603e-05,-6.52807e-06,3.19272e-06,-3.19272e-06,-0.314094,-4.88595e-05,
1.00464e-05,-6.15199e-06,1.00464e-05,-6.15199e-06,3.01121e-06,-3.01121e-06,-0.314098,-4.60474e-05,
9.46789e-06,-5.79758e-06,9.46789e-06,-5.79758e-06,2.84003e-06,-2.84003e-06,-0.314102,-4.33971e-05,
8.92268e-06,-5.46359e-06,8.92268e-06,-5.46359e-06,2.6786e-06,-2.6786e-06,-0.314105,-4.08995e-05,
8.40888e-06,-5.14885e-06,8.40888e-06,-5.14885e-06,2.52636e-06,-2.52636e-06,-0.314108,-3.85457e-05,
7.92468e-06,-4.85225e-06,7.92468e-06,-4.85225e-06,2.38278e-06,-2.38278e-06,-0.314111,-3.63274e-05,
7.46837e-06,-4.57274e-06,7.46837e-06,-4.57274e-06,2.24738e-06,-2.24738e-06,-0.314114,-3.42368e-05,
7.03834e-06,-4.30934e-06,7.03834e-06,-4.30934e-06,2.11968e-06,-2.11968e-06,-0.314116,-3.22666e-05,
6.63308e-06,-4.06111e-06,6.63308e-06,-4.06111e-06,1.99925e-06,-1.99925e-06,-0.314119,-3.04099e-05,
6.25117e-06,-3.82719e-06,6.25117e-06,-3.82719e-06,1.88567e-06,-1.88567e-06,-0.314121,-2.866e-05,
5.89126e-06,-3.60674e-06,5.89126e-06,-3.60674e-06,1.77855e-06,-1.77855e-06,-0.314123,-2.70109e-05,
5.55207e-06,-3.399e-06,5.55207e-06,-3.399e-06,1.67753e-06,-1.67753e-06,-0.314125,-2.54567e-05,
5.23243e-06,-3.20323e-06,5.23243e-06,-3.20323e-06,1.58226e-06,-1.58226e-06,-0.314127,-2.39919e-05,
4.93119e-06,-3.01874e-06,4.93119e-06,-3.01874e-06,1.4924e-06,-1.4924e-06,-0.314129,-2.26115e-05,
4.6473e-06,-2.84488e-06,4.6473e-06,-2.84488e-06,1.40766e-06,-1.40766e-06,-0.314131,-2.13106e-05,
4.37977e-06,-2.68103e-06,4.37977e-06,-2.68103e-06,1.32774e-06,-1.32774e-06,-0.314133,-2.00846e-05,
4.12764e-06,-2.52663e-06,4.12764e-06,-2.52663e-06,1.25236e-06,-1.25236e-06,-0.314134,-1.89291e-05,
3.89003e-06,-2.38112e-06,3.89003e-06,-2.38112e-06,1.18127e-06,-1.18127e-06,-0.314136,-1.78401e-05,
3.6661e-06,-2.24399e-06,3.6661e-06,-2.24399e-06,1.11423e-06,-1.11423e-06,-0.314137,-1.68138e-05,
3.45507e-06,-2.11476e-06,3.45507e-06,-2.11476e-06,1.051e-06,-1.051e-06,-0.314138,-1.58466e-05,
3.2562e-06,-1.99298e-06,3.2562e-06,-1.99298e-06,9.91358e-07,-9.91358e-07,-0.314139,-1.4935e-05,
3.06877e-06,-1.87821e-06,3.06877e-06,-1.87821e-06,9.35112e-07,-9.35112e-07,-0.314141,-1.40759e-05,
2.89214e-06,-1.77006e-06,2.89214e-06,-1.77006e-06,8.82064e-07,-8.82064e-07,-0.314142,-1.32663e-05,
2.72568e-06,-1.66813e-06,2.72568e-06,-1.66813e-06,8.32031e-07,-8.32031e-07,-0.314143,-1.25032e-05,
2.5688e-06,-1.57208e-06,2.5688e-06,-1.57208e-06,7.84843e-07,-7.84843e-07,-0.314144,-1.17841e-05,
2.42096e-06,-1.48156e-06,2.42096e-06,-1.48156e-06,7.40337e-07,-7.40337e-07,-0.314145,-1.11064e-05,
2.28163e-06,-1.39625e-06,2.28163e-06,-1.39625e-06,6.9836e-07,-6.9836e-07,-0.314145,-1.04676e-05,
2.15032e-06,-1.31586e-06,2.15032e-06,-1.31586e-06,6.58769e-07,-6.58769e-07,-0.314146,-9.86561e-06,
2.02657e-06,-1.2401e-06,2.02657e-06,-1.2401e-06,6.21428e-07,-6.21428e-07,-0.314147,-9.29826e-06,
1.90995e-06,-1.1687e-06,1.90995e-06,-1.1687e-06,5.86209e-07,-5.86209e-07,-0.314148,-8.76355e-06,
1.80004e-06,-1.10142e-06,1.80004e-06,-1.10142e-06,5.5299e-07,-5.5299e-07,-0.314148,-8.25961e-06,
1.69646e-06,-1.03801e-06,1.69646e-06,-1.03801e-06,5.21659e-07,-5.21659e-07,-0.314149,-7.78466e-06,
1.59884e-06,-9.78249e-07,1.59884e-06,-9.78249e-07,4.92108e-07,-4.92108e-07,-0.31415,-7.33704e-06,
1.50685e-06,-9.21932e-07,1.50685e-06,-9.21932e-07,4.64235e-07,-4.64235e-07,-0.31415,-6.91518e-06,
1.42014e-06,-8.68859e-07,1.42014e-06,-8.68859e-07,4.37944e-07,-4.37944e-07,-0.314151,-6.51758e-06,
1.33843e-06,-8.18842e-07,1.33843e-06,-8.18842e-07,4.13147e-07,-4.13147e-07,-0.314151,-6.14286e-06,
1.26143e-06,-7.71706e-07,1.26143e-06,-7.71706e-07,3.89758e-07,-3.89758e-07,-0.314152,-5.7897e-06,
1.18885e-06,-7.27285e-07,1.18885e-06,-7.27285e-07,3.67697e-07,-3.67697e-07,-0.314152,-5.45685e-06,
1.12046e-06,-6.85421e-07,1.12046e-06,-6.85421e-07,3.46888e-07,-3.46888e-07,-0.314152,-5.14315e-06,
1.056e-06,-6.45968e-07,1.056e-06,-6.45968e-07,3.2726e-07,-3.2726e-07,-0.314153,-4.8475e-06,
9.95247e-07,-6.08788e-07,9.95247e-07,-6.08788e-07,3.08747e-07,-3.08747e-07,-0.314153,-4.56885e-06,
9.37994e-07,-5.73748e-07,9.37994e-07,-5.73748e-07,2.91284e-07,-2.91284e-07,-0.314154,-4.30623e-06,
8.84036e-07,-5.40726e-07,8.84036e-07,-5.40726e-07,2.74811e-07,-2.74811e-07,-0.314154,-4.05871e-06,
8.33184e-07,-5.09605e-07,8.33184e-07,-5.09605e-07,2.59274e-07,-2.59274e-07,-0.314154,-3.82543e-06,
7.85259e-07,-4.80276e-07,7.85259e-07,-4.80276e-07,2.44617e-07,-2.44617e-07,-0.314154,-3.60557e-06,
7.40091e-07,-4.52636e-07,7.40091e-07,-4.52636e-07,2.30793e-07,-2.30793e-07,-0.314155,-3.39836e-06,
6.97523e-07,-4.26587e-07,6.97523e-07,-4.26587e-07,2.17752e-07,-2.17752e-07,-0.314155,-3.20306e-06,
6.57405e-07,-4.02038e-07,6.57405e-07,-4.02038e-07,2.0545e-07,-2.0545e-07,-0.314155,-3.01899e-06,
6.19595e-07,-3.78902e-07,6.19595e-07,-3.78902e-07,1.93846e-07,-1.93846e-07,-0.314155,-2.8455e-06,
5.83962e-07,-3.57099e-07,5.83962e-07,-3.57099e-07,1.829e-07,-1.829e-07,-0.314156,-2.682e-06,
5.50378e-07,-3.3655e-07,5.50378e-07,-3.3655e-07,1.72574e-07,-1.72574e-07,-0.314156,-2.52789e-06,
5.18727e-07,-3.17185e-07,5.18727e-07,-3.17185e-07,1.62834e-07,-1.62834e-07,-0.314156,-2.38265e-06,
4.88897e-07,-2.98934e-07,4.88897e-07,-2.98934e-07,1.53645e-07,-1.53645e-07,-0.314156,-2.24575e-06,
4.60784e-07,-2.81734e-07,4.60784e-07,-2.81734e-07,1.44977e-07,-1.44977e-07,-0.314156,-2.11673e-06,
4.34288e-07,-2.65525e-07,4.34288e-07,-2.65525e-07,1.368e-07,-1.368e-07,-0.314157,-1.99513e-06,
4.09317e-07,-2.50248e-07,4.09317e-07,-2.50248e-07,1.29086e-07,-1.29086e-07,-0.314157,-1.88052e-06,
3.85782e-07,-2.3585e-07,3.85782e-07,-2.3585e-07,1.21809e-07,-1.21809e-07,-0.314157,-1.77249e-06,
3.63601e-07,-2.22282e-07,3.63601e-07,-2.22282e-07,1.14945e-07,-1.14945e-07,-0.314157,-1.67068e-06,
3.42696e-07,-2.09494e-07,3.42696e-07,-2.09494e-07,1.08468e-07,-1.08468e-07,-0.314157,-1.57472e-06,
3.22994e-07,-1.97442e-07,3.22994e-07,-1.97442e-07,1.02358e-07,-1.02358e-07,-0.314157,-1.48427e-06,
3.04426e-07,-1.86085e-07,3.04426e-07,-1.86085e-07,9.65944e-08,-9.65944e-08,-0.314157,-1.39903e-06,
2.86925e-07,-1.7538e-07,2.86925e-07,-1.7538e-07,9.11565e-08,-9.11565e-08,-0.314158,-1.31868e-06,
2.70431e-07,-1.65292e-07,2.70431e-07,-1.65292e-07,8.60263e-08,-8.60263e-08,-0.314158,-1.24295e-06,
2.54886e-07,-1.55784e-07,2.54886e-07,-1.55784e-07,8.11862e-08,-8.11862e-08,-0.314158,-1.17158e-06,
2.40235e-07,-1.46824e-07,2.40235e-07,-1.46824e-07,7.66199e-08,-7.66199e-08,-0.314158,-1.10431e-06,
2.26427e-07,-1.38379e-07,2.26427e-07,-1.38379e-07,7.23117e-08,-7.23117e-08,-0.314158,-1.0409e-06,
2.13413e-07,-1.3042e-07,2.13413e-07,-1.3042e-07,6.82471e-08,-6.82471e-08,-0.314158,-9.81135e-07,
2.01147e-07,-1.2292e-07,2.01147e-07,-1.2292e-07,6.44122e-08,-6.44122e-08,-0.314158,-9.24806e-07,
1.89587e-07,-1.1585e-07,1.89587e-07,-1.1585e-07,6.0794e-08,-6.0794e-08,-0.314158,-8.71714e-07,
1.78691e-07,-1.09188e-07,1.78691e-07,-1.09188e-07,5.73802e-08,-5.73802e-08,-0.314158,-8.21672e-07,
1.68422e-07,-1.02909e-07,1.68422e-07,-1.02909e-07,5.41592e-08,-5.41592e-08,-0.314158,-7.74506e-07,
1.58744e-07,-9.69911e-08,1.58744e-07,-9.69911e-08,5.11201e-08,-5.11201e-08,-0.314158,-7.3005e-07,
1.49622e-07,-9.14138e-08,1.49622e-07,-9.14138e-08,4.82526e-08,-4.82526e-08,-0.314158,-6.88148e-07,
1.41025e-07,-8.61574e-08,1.41025e-07,-8.61574e-08,4.5547e-08,-4.5547e-08,-0.314158,-6.48653e-07,
1.32922e-07,-8.12035e-08,1.32922e-07,-8.12035e-08,4.29941e-08,-4.29941e-08,-0.314158,-6.11427e-07,
1.25285e-07,-7.65345e-08,1.25285e-07,-7.65345e-08,4.05852e-08,-4.05852e-08,-0.314158,-5.76339e-07,
1.18087e-07,-7.21342e-08,1.18087e-07,-7.21342e-08,3.83122e-08,-3.83122e-08,-0.314159,-5.43267e-07,
1.11303e-07,-6.7987e-08,1.11303e-07,-6.7987e-08,3.61673e-08,-3.61673e-08,-0.314159,-5.12095e-07,
1.04909e-07,-6.40784e-08,1.04909e-07,-6.40784e-08,3.41434e-08,-3.41434e-08,-0.314159,-4.82713e-07,
9.88823e-08,-6.03946e-08,9.88823e-08,-6.03946e-08,3.22336e-08,-3.22336e-08,-0.314159,-4.55019e-07,
9.32023e-08,-5.69227e-08,9.32023e-08,-5.69227e-08,3.04314e-08,-3.04314e-08,-0.314159,-4.28915e-07,
8.78488e-08,-5.36505e-08,8.78488e-08,-5.36505e-08,2.87308e-08,-2.87308e-08,-0.314159,-4.0431e-07,
8.2803e-08,-5.05666e-08,8.2803e-08,-5.05666e-08,2.71259e-08,-2.71259e-08,-0.314159,-3.81118e-07,
7.80472e-08,-4.766e-08,7.80472e-08,-4.766e-08,2.56114e-08,-2.56114e-08,-0.314159,-3.59258e-07,
7.35649e-08,-4.49206e-08,7.35649e-08,-4.49206e-08,2.41822e-08,-2.41822e-08,-0.314159,-3.38653e-07,
6.93401e-08,-4.23388e-08,6.93401e-08,-4.23388e-08,2.28333e-08,-2.28333e-08,-0.314159,-3.19232e-07,
6.53581e-08,-3.99054e-08,6.53581e-08,-3.99054e-08,2.15604e-08,-2.15604e-08,-0.314159,-3.00925e-07,
6.1605e-08,-3.7612e-08,6.1605e-08,-3.7612e-08,2.03591e-08,-2.03591e-08,-0.314159,-2.83669e-07,
5.80676e-08,-3.54505e-08,5.80676e-08,-3.54505e-08,1.92253e-08,-1.92253e-08,-0.314159,-2.67404e-07,
5.47335e-08,-3.34133e-08,5.47335e-08,-3.34133e-08,1.81553e-08,-1.81553e-08,-0.314159,-2.52073e-07,
5.1591e-08,-3.14932e-08,5.1591e-08,-3.14932e-08,1.71454e-08,-1.71454e-08,-0.314159,-2.37622e-07,
4.8629e-08,-2.96836e-08,4.8629e-08,-2.96836e-08,1.61922e-08,-1.61922e-08,-0.314159,-2.24e-07,
4.58373e-08,-2.7978e-08,4.58373e-08,-2.7978e-08,1.52926e-08,-1.52926e-08,-0.314159,-2.1116e-07,
4.32059e-08,-2.63704e-08,4.32059e-08,-2.63704e-08,1.44434e-08,-1.44434e-08,-0.314159,-1.99057e-07,
4.07258e-08,-2.48553e-08,4.07258e-08,-2.48553e-08,1.3642e-08,-1.3642e-08,-0.314159,-1.87648e-07,
3.83881e-08,-2.34273e-08,3.83881e-08,-2.34273e-08,1.28854e-08,-1.28854e-08,-0.314159,-1.76894e-07,
3.61847e-08,-2.20814e-08,3.61847e-08,-2.20814e-08,1.21714e-08,-1.21714e-08,-0.314159,-1.66758e-07,
3.41079e-08,-2.08129e-08,3.41079e-08,-2.08129e-08,1.14973e-08,-1.14973e-08,-0.314159,-1.57203e-07,
3.21505e-08,-1.96173e-08,3.21505e-08,-1.96173e-08,1.0861e-08,-1.0861e-08,-0.314159,-1.48196e-07,
3.03054e-08,-1.84905e-08,3.03054e-08,-1.84905e-08,1.02604e-08,-1.02604e-08,-0.314159,-1.39706e-07,
2.85663e-08,-1.74284e-08,2.85663e-08,-1.74284e-08,9.69345e-09,-9.69345e-09,-0.314159,-1.31703e-07,
2.69272e-08,-1.64274e-08,2.69272e-08,-1.64274e-08,9.15821e-09,-9.15821e-09,-0.314159,-1.24159e-07,
2.53821e-08,-1.54839e-08,2.53821e-08,-1.54839e-08,8.65292e-09,-8.65292e-09,-0.314159,-1.17048e-07,
2.39258e-08,-1.45946e-08,2.39258e-08,-1.45946e-08,8.1759e-09,-8.1759e-09,-0.314159,-1.10344e-07,
2.25532e-08,-1.37564e-08,2.25532e-08,-1.37564e-08,7.72555e-09,-7.72555e-09,-0.314159,-1.04025e-07,
2.12594e-08,-1.29665e-08,2.12594e-08,-1.29665e-08,7.30038e-09,-7.30038e-09,-0.314159,-9.80689e-08,
2.00398e-08,-1.22219e-08,2.00398e-08,-1.22219e-08,6.89896e-09,-6.89896e-09,-0.314159,-9.2454e-08,
1.88903e-08,-1.15201e-08,1.88903e-08,-1.15201e-08,6.51996e-09,-6.51996e-09,-0.314159,-8.71611e-08,
1.78068e-08,-1.08586e-08,1.78068e-08,-1.08586e-08,6.16211e-09,-6.16211e-09,-0.314159,-8.21716e-08,
1.67855e-08,-1.02352e-08,1.67855e-08,-1.02352e-08,5.82423e-09,-5.82423e-09,-0.314159,-7.74683e-08,
1.58229e-08,-9.64757e-09,1.58229e-08,-9.64757e-09,5.5052e-09,-5.5052e-09,-0.314159,-7.30346e-08,
1.49155e-08,-9.09372e-09,1.49155e-08,-9.09372e-09,5.20396e-09,-5.20396e-09,-0.314159,-6.8855e-08,
1.40602e-08,-8.57168e-09,1.40602e-08,-8.57168e-09,4.91949e-09,-4.91949e-09,-0.314159,-6.49151e-08,
1.3254e-08,-8.07964e-09,1.3254e-08,-8.07964e-09,4.65088e-09,-4.65088e-09,-0.314159,-6.1201e-08,
1.2494e-08,-7.61587e-09,1.2494e-08,-7.61587e-09,4.39721e-09,-4.39721e-09,-0.314159,-5.76997e-08,
1.17777e-08,-7.17874e-09,1.17777e-08,-7.17874e-09,4.15766e-09,-4.15766e-09,-0.314159,-5.43991e-08,
1.11025e-08,-6.76672e-09,1.11025e-08,-6.76672e-09,3.93143e-09,-3.93143e-09,-0.314159,-5.12876e-08,
1.04661e-08,-6.37837e-09,1.04661e-08,-6.37837e-09,3.71778e-09,-3.71778e-09,-0.314159,-4.83545e-08,
9.86616e-09,-6.01234e-09,9.86616e-09,-6.01234e-09,3.51599e-09,-3.51599e-09,-0.314159,-4.55894e-08,
9.30067e-09,-5.66732e-09,9.30067e-09,-5.66732e-09,3.32541e-09,-3.32541e-09,-0.314159,-4.29827e-08,
8.76762e-09,-5.34213e-09,8.76762e-09,-5.34213e-09,3.14541e-09,-3.14541e-09,-0.314159,-4.05253e-08,
8.26516e-09,-5.0356e-09,8.26516e-09,-5.0356e-09,2.97539e-09,-2.97539e-09,-0.314159,-3.82087e-08,
7.79153e-09,-4.74669e-09,7.79153e-09,-4.74669e-09,2.81479e-09,-2.81479e-09,-0.314159,-3.60248e-08,
7.34508e-09,-4.47437e-09,7.34508e-09,-4.47437e-09,2.66309e-09,-2.66309e-09,-0.314159,-3.3966e-08,
6.92423e-09,-4.21768e-09,6.92423e-09,-4.21768e-09,2.51979e-09,-2.51979e-09,-0.314159,-3.2025e-08,
6.52753e-09,-3.97574e-09,6.52753e-09,-3.97574e-09,2.38441e-09,-2.38441e-09,-0.314159,-3.01953e-08,
6.15358e-09,-3.74769e-09,6.15358e-09,-3.74769e-09,2.25652e-09,-2.25652e-09,-0.314159,-2.84702e-08,
5.80109e-09,-3.53273e-09,5.80109e-09,-3.53273e-09,2.1357e-09,-2.1357e-09,-0.314159,-2.6844e-08,
5.46881e-09,-3.33011e-09,5.46881e-09,-3.33011e-09,2.02156e-09,-2.02156e-09,-0.314159,-2.53108e-08,
5.15558e-09,-3.13913e-09,5.15558e-09,-3.13913e-09,1.91371e-09,-1.91371e-09,-0.314159,-2.38654e-08,
4.86032e-09,-2.95911e-09,4.86032e-09,-2.95911e-09,1.81181e-09,-1.81181e-09,-0.314159,-2.25028e-08,
4.582e-09,-2.78943e-09,4.582e-09,-2.78943e-09,1.71552e-09,-1.71552e-09,-0.314159,-2.12181e-08,
4.31963e-09,-2.62949e-09,4.31963e-09,-2.62949e-09,1.62454e-09,-1.62454e-09,-0.314159,-2.00069e-08,
4.0723e-09,-2.47873e-09,4.0723e-09,-2.47873e-09,1.53856e-09,-1.53856e-09,-0.314159,-1.88651e-08,
3.83915e-09,-2.33662e-09,3.83915e-09,-2.33662e-09,1.45732e-09,-1.45732e-09,-0.314159,-1.77885e-08,
3.61937e-09,-2.20267e-09,3.61937e-09,-2.20267e-09,1.38053e-09,-1.38053e-09,-0.314159,-1.67736e-08,
3.41219e-09,-2.07641e-09,3.41219e-09,-2.07641e-09,1.30797e-09,-1.30797e-09,-0.314159,-1.58167e-08,
3.21688e-09,-1.95739e-09,3.21688e-09,-1.95739e-09,1.23938e-09,-1.23938e-09,-0.314159,-1.49145e-08,
3.03277e-09,-1.8452e-09,3.03277e-09,-1.8452e-09,1.17455e-09,-1.17455e-09,-0.314159,-1.4064e-08,
2.85921e-09,-1.73946e-09,2.85921e-09,-1.73946e-09,1.11328e-09,-1.11328e-09,-0.314159,-1.32621e-08,
2.6956e-09,-1.63977e-09,2.6956e-09,-1.63977e-09,1.05536e-09,-1.05536e-09,-0.314159,-1.2506e-08,
2.54136e-09,-1.54582e-09,2.54136e-09,-1.54582e-09,1.0006e-09,-1.0006e-09,-0.314159,-1.17931e-08,
2.39595e-09,-1.45725e-09,2.39595e-09,-1.45725e-09,9.48837e-10,-9.48837e-10,-0.314159,-1.1121e-08,
0.080206,1.2214,0.080206,1.2214,0.0439036,-0.0439036,-0.315195,-0.0095534,
0.209633,1.37284,0.209633,1.37284,0.0803492,-0.0803492,-0.315187,0.0277837,
0.28629,0.495082,0.28629,0.495082,0.0848014,-0.0848014,-0.309984,0.110464,
0.299456,-0.0419416,0.299456,-0.0419416,0.0639293,-0.0639293,-0.297771,0.19929,
0.293103,-0.0761985,0.293103,-0.0761985,0.0363465,-0.0363465,-0.278872,0.280291,
0.25757,-0.503793,0.25757,-0.503793,0.00289904,-0.00289904,-0.253338,0.362039,
0.166074,-1.14662,0.166074,-1.14662,-0.0396543,0.0396543,-0.221582,0.429884,
0.0456155,-1.27289,0.0456155,-1.27289,-0.0757725,0.0757725,-0.185918,0.459976,
-0.0575843,-0.948233,-0.0575843,-0.948233,-0.0895816,0.0895816,-0.149556,0.452055,
-0.120401,-0.492244,-0.120401,-0.492244,-0.0773717,0.0773717,-0.115018,0.419556,
-0.158792,-0.343583,-0.158792,-0.343583,-0.054859,0.054859,-0.0834287,0.378769,
-0.178491,-0.131745,-0.178491,-0.131745,-0.0312664,0.0312664,-0.0555018,0.32925,
-0.159865,0.348159,-0.159865,0.348159,-0.00517082,0.00517082,-0.0318984,0.275287,
-0.117789,0.470254,-0.117789,0.470254,0.0122007,-0.0122007,-0.012024,0.235801,
-0.080217,0.341886,-0.080217,0.341886,0.014677,-0.014677,0.00540784,0.211387,
-0.0483769,0.317452,-0.0483769,0.317452,0.00911497,-0.00911497,0.0212257,0.194566,
-0.0268009,0.173112,-0.0268009,0.173112,-0.00179505,0.00179505,0.0361573,0.186923,
-0.0201765,0.0161077,-0.0201765,0.0161077,-0.0133579,0.0133579,0.0507211,0.183199,
-0.0185831,0.0163758,-0.0185831,0.0163758,-0.0183119,0.0183119,0.0649225,0.177851,
-0.0191796,-0.0171022,-0.0191796,-0.0171022,-0.0176939,0.0176939,0.0787475,0.173194,
-0.0220987,-0.0360776,-0.0220987,-0.0360776,-0.0137398,0.0137398,0.0921867,0.167827,
-0.0242075,-0.0144467,-0.0242075,-0.0144467,-0.00858224,0.00858224,0.105138,0.161122,
-0.0276734,-0.0457049,-0.0276734,-0.0457049,-0.0061053,0.0061053,0.117587,0.154584,
-0.0320888,-0.0448578,-0.0320888,-0.0448578,-0.00609946,0.00609946,0.129456,0.146439,
-0.0351247,-0.024266,-0.0351247,-0.024266,-0.00721492,0.00721492,0.140621,0.13695,
-0.0363814,-0.00725384,-0.0363814,-0.00725384,-0.00830615,0.00830615,0.15101,0.126939,
-0.0342806,0.0355428,-0.0342806,0.0355428,-0.00780833,0.00780833,0.160576,0.116611,
-0.029601,0.0538582,-0.029601,0.0538582,-0.00637441,0.00637441,0.169374,0.107628,
-0.0241731,0.0562832,-0.0241731,0.0562832,-0.00490005,0.00490005,0.177528,0.100292,
-0.0193455,0.0459559,-0.0193455,0.0459559,-0.00411366,0.00411366,0.185174,0.0945654,
-0.0165201,0.0205205,-0.0165201,0.0205205,-0.00439588,0.00439588,0.192434,0.0901267,
-0.0154449,0.00632526,-0.0154449,0.00632526,-0.00500369,0.00500369,0.199363,0.0860173,
-0.0154932,-0.00383272,-0.0154932,-0.00383272,-0.00540649,0.00540649,0.205977,0.0819724,
-0.0158521,-0.00358878,-0.0158521,-0.00358878,-0.00520386,0.00520386,0.212262,0.0776946,
-0.0159087,0.000895474,-0.0159087,0.000895474,-0.00453774,0.00453774,0.218204,0.0732923,
-0.0156399,0.0036546,-0.0156399,0.0036546,-0.00386815,0.00386815,0.2238,0.0689533,
-0.0150296,0.00750414,-0.0150296,0.00750414,-0.00343355,0.00343355,0.229057,0.0647188,
-0.014234,0.00844187,-0.014234,0.00844187,-0.00332359,0.00332359,0.23399,0.060726,
-0.0132525,0.0108115,-0.0132525,0.0108115,-0.00330586,0.00330586,0.238616,0.05695,
-0.0121452,0.0115689,-0.0121452,0.0115689,-0.00322491,0.00322491,0.242956,0.0534844,
-0.0110304,0.0113114,-0.0110304,0.0113114,-0.003021,0.003021,0.247036,0.0503375,
-0.0100551,0.00931317,-0.0100551,0.00931317,-0.00277556,0.00277556,0.250882,0.0475039,
-0.00934977,0.00618022,-0.00934977,0.00618022,-0.00259187,0.00259187,0.254517,0.0449175,
-0.00889427,0.00391011,-0.00889427,0.00391011,-0.00248045,0.00248045,0.257954,0.0424739,
-0.00859428,0.00265353,-0.00859428,0.00265353,-0.00240277,0.00240277,0.261203,0.0401154,
-0.00830113,0.00316472,-0.00830113,0.00316472,-0.00228852,0.00228852,0.264268,0.0378077,
-0.00793949,0.00395746,-0.00793949,0.00395746,-0.00213606,0.00213606,0.267155,0.0355848,
-0.00749631,0.00481099,-0.00749631,0.00481099,-0.00197159,0.00197159,0.26987,0.0334709,
-0.00701818,0.00492521,-0.00701818,0.00492521,-0.0018395,0.0018395,0.272424,0.0314951,
-0.00654837,0.00474252,-0.00654837,0.00474252,-0.00174427,0.00174427,0.274829,0.0296533,
-0.00611399,0.0042925,-0.00611399,0.0042925,-0.00166857,0.00166857,0.277093,0.0279388,
-0.00572185,0.00386973,-0.00572185,0.00386973,-0.00158743,0.00158743,0.279227,0.026336,
-0.00537358,0.00340861,-0.00537358,0.00340861,-0.00149584,0.00149584,0.281239,0.0248344,
-0.00506851,0.00297644,-0.00506851,0.00297644,-0.00140323,0.00140323,0.283137,0.0234211,
-0.00479986,0.00263352,-0.00479986,0.00263352,-0.00132052,0.00132052,0.284927,0.0220844,
-0.00455356,0.00246111,-0.00455356,0.00246111,-0.00124884,0.00124884,0.286614,0.0208149,
-0.00431311,0.00245648,-0.00431311,0.00245648,-0.00118174,0.00118174,0.288203,0.0196087,
-0.00406997,0.00249975,-0.00406997,0.00249975,-0.00111454,0.00111454,0.289701,0.0184676,
-0.00382619,0.0024883,-0.00382619,0.0024883,-0.00104806,0.00104806,0.291111,0.0173937,
-0.00359115,0.00236074,-0.00359115,0.00236074,-0.000986599,0.000986599,0.292439,0.0163869,
-0.00337273,0.0021701,-0.00337273,0.0021701,-0.000931707,0.000931707,0.293691,0.0154428,
-0.00317363,0.00196929,-0.00317363,0.00196929,-0.000881616,0.000881616,0.29487,0.0145556,
-0.00299142,0.00181035,-0.00299142,0.00181035,-0.000833176,0.000833176,0.295982,0.0137196,
-0.00282255,0.00168508,-0.00282255,0.00168508,-0.000785556,0.000785556,0.29703,0.0129308,
-0.002664,0.00158933,-0.002664,0.00158933,-0.000739811,0.000739811,0.298018,0.0121859,
-0.00251389,0.00150763,-0.00251389,0.00150763,-0.000697367,0.000697367,0.298949,0.0114829,
-0.00237068,0.00144254,-0.00237068,0.00144254,-0.000658143,0.000658143,0.299826,0.0108195,
-0.00223359,0.00138139,-0.00223359,0.00138139,-0.000621266,0.000621266,0.300652,0.0101941,
-0.00210272,0.00131635,-0.00210272,0.00131635,-0.000586018,0.000586018,0.30143,0.0096053,
-0.00197911,0.00123785,-0.00197911,0.00123785,-0.000552539,0.000552539,0.302164,0.00905131,
-0.00186357,0.00115326,-0.00186357,0.00115326,-0.000521139,0.000521139,0.302855,0.00852996,
-0.00175607,0.00107227,-0.00175607,0.00107227,-0.000491802,0.000491802,0.303507,0.00803887,
-0.00165565,0.00100414,-0.00165565,0.00100414,-0.000464112,0.000464112,0.304121,0.00757585,
-0.00156113,0.000947667,-0.00156113,0.000947667,-0.000437761,0.000437761,0.3047,0.00713915,
-0.00147168,0.000898118,-0.00147168,0.000898118,-0.000412744,0.000412744,0.305245,0.00672737,
-0.00138693,0.000850774,-0.00138693,0.000850774,-0.000389203,0.000389203,0.305759,0.00633925,
-0.00130676,0.000804313,-0.00130676,0.000804313,-0.000367138,0.000367138,0.306243,0.00597355,
-0.00123106,0.000758949,-0.00123106,0.000758949,-0.000346373,0.000346373,0.306699,0.00562903,
-0.00115973,0.000714588,-0.00115973,0.000714588,-0.000326731,0.000326731,0.307129,0.0053045,
-0.00109265,0.000671584,-0.00109265,0.000671584,-0.000308146,0.000308146,0.307534,0.00499878,
-0.00102964,0.000630571,-0.00102964,0.000630571,-0.000290623,0.000290623,0.307916,0.00471072,
-0.000970427,0.000592991,-0.000970427,0.000592991,-0.000274125,0.000274125,0.308276,0.00443923,
-0.000914649,0.000559023,-0.000914649,0.000559023,-0.000258568,0.000258568,0.308615,0.00418332,
-0.000861998,0.000528029,-0.000861998,0.000528029,-0.000243867,0.000243867,0.308935,0.00394211,
-0.000812275,0.000498633,-0.000812275,0.000498633,-0.000229985,0.000229985,0.309236,0.0037148,
-0.00076536,0.000470259,-0.00076536,0.000470259,-0.000216903,0.000216903,0.309519,0.00350063,
-0.000721152,0.000442925,-0.000721152,0.000442925,-0.000204583,0.000204583,0.309787,0.00329883,
-0.000679527,0.000416989,-0.000679527,0.000416989,-0.000192963,0.000192963,0.310039,0.00310869,
-0.000640336,0.000392607,-0.000640336,0.000392607,-0.000181992,0.000181992,0.310276,0.00292952,
-0.000603432,0.000369738,-0.000603432,0.000369738,-0.000171637,0.000171637,0.3105,0.00276067,
-0.000568667,0.000348361,-0.000568667,0.000348361,-0.000161872,0.000161872,0.310711,0.00260155,
-0.000535901,0.00032838,-0.000535901,0.00032838,-0.000152668,0.000152668,0.310909,0.00245159,
-0.000505006,0.000309661,-0.000505006,0.000309661,-0.000143985,0.000143985,0.311097,0.00231027,
-0.000475877,0.000291959,-0.000475877,0.000291959,-0.000135793,0.000135793,0.311273,0.00217711,
-0.000448421,0.000275133,-0.000448421,0.000275133,-0.000128066,0.000128066,0.311439,0.00205162,
-0.000422555,0.000259168,-0.000422555,0.000259168,-0.00012078,0.00012078,0.311596,0.00193338,
-0.00039819,0.000244117,-0.00039819,0.000244117,-0.00011391,0.00011391,0.311744,0.00182195,
-0.000375237,0.000229995,-0.000375237,0.000229995,-0.000107429,0.000107429,0.311883,0.00171695,
-0.000353609,0.000216737,-0.000353609,0.000216737,-0.000101315,0.000101315,0.312014,0.001618,
-0.000333226,0.000204268,-0.000333226,0.000204268,-9.5548e-05,9.5548e-05,0.312138,0.00152475,
-0.000314015,0.000192519,-0.000314015,0.000192519,-9.01103e-05,9.01103e-05,0.312254,0.00143688,
-0.00029591,0.00018144,-0.00029591,0.00018144,-8.49822e-05,8.49822e-05,0.312364,0.00135407,
-0.000278847,0.000170984,-0.000278847,0.000170984,-8.01453e-05,8.01453e-05,0.312467,0.00127604,
-0.000262769,0.00016111,-0.000262769,0.00016111,-7.55833e-05,7.55833e-05,0.312565,0.0012025,
-0.00024762,0.000151798,-0.00024762,0.000151798,-7.12809e-05,7.12809e-05,0.312657,0.00113321,
-0.000233346,0.000143031,-0.000233346,0.000143031,-6.72235e-05,6.72235e-05,0.312743,0.00106791,
-0.000219896,0.000134786,-0.000219896,0.000134786,-6.33968e-05,6.33968e-05,0.312825,0.00100637,
-0.000207221,0.000127023,-0.000207221,0.000127023,-5.97877e-05,5.97877e-05,0.312902,0.000948382,
-0.000195275,0.000119706,-0.000195275,0.000119706,-5.63839e-05,5.63839e-05,0.312974,0.000893734,
-0.000184018,0.000112806,-0.000184018,0.000112806,-5.31739e-05,5.31739e-05,0.313042,0.000842237,
-0.00017341,0.000106301,-0.00017341,0.000106301,-5.01467e-05,5.01467e-05,0.313107,0.000793707,
-0.000163414,0.000100168,-0.000163414,0.000100168,-4.72917e-05,4.72917e-05,0.313167,0.000747976,
-0.000153995,9.43897e-05,-0.000153995,9.43897e-05,-4.45992e-05,4.45992e-05,0.313224,0.00070488,
-0.000145119,8.89455e-05,-0.000145119,8.89455e-05,-4.20599e-05,4.20599e-05,0.313278,0.000664267,
-0.000136754,8.38177e-05,-0.000136754,8.38177e-05,-3.96652e-05,3.96652e-05,0.313329,0.000625996,
-0.000128872,7.89872e-05,-0.000128872,7.89872e-05,-3.74068e-05,3.74068e-05,0.313377,0.00058993,
-0.000121444,7.44349e-05,-0.000121444,7.44349e-05,-3.5277e-05,3.5277e-05,0.313422,0.000555943,
-0.000114445,7.01437e-05,-0.000114445,7.01437e-05,-3.32684e-05,3.32684e-05,0.313464,0.000523914,
-0.000107849,6.60988e-05,-0.000107849,6.60988e-05,-3.13742e-05,3.13742e-05,0.313504,0.000493731,
-0.000101633,6.22873e-05,-0.000101633,6.22873e-05,-2.95878e-05,2.95878e-05,0.313542,0.000465288,
-9.57755e-05,5.8696e-05,-9.57755e-05,5.8696e-05,-2.79032e-05,2.79032e-05,0.313578,0.000438484,
-9.02558e-05,5.53121e-05,-9.02558e-05,5.53121e-05,-2.63144e-05,2.63144e-05,0.313611,0.000413224,
-8.50543e-05,5.21237e-05,-8.50543e-05,5.21237e-05,-2.48162e-05,2.48162e-05,0.313643,0.00038942,
-8.01527e-05,4.91192e-05,-8.01527e-05,4.91192e-05,-2.34032e-05,2.34032e-05,0.313672,0.000366988,
-7.55336e-05,4.62879e-05,-7.55336e-05,4.62879e-05,-2.20707e-05,2.20707e-05,0.3137,0.000345849,
-7.11808e-05,4.36195e-05,-7.11808e-05,4.36195e-05,-2.08141e-05,2.08141e-05,0.313727,0.000325927,
-6.70789e-05,4.11048e-05,-6.70789e-05,4.11048e-05,-1.96291e-05,1.96291e-05,0.313752,0.000307154,
-6.32134e-05,3.87352e-05,-6.32134e-05,3.87352e-05,-1.85115e-05,1.85115e-05,0.313775,0.000289462,
-5.95708e-05,3.65024e-05,-5.95708e-05,3.65024e-05,-1.74576e-05,1.74576e-05,0.313797,0.000272789,
-5.61382e-05,3.43984e-05,-5.61382e-05,3.43984e-05,-1.64637e-05,1.64637e-05,0.313818,0.000257078,
-5.29034e-05,3.24157e-05,-5.29034e-05,3.24157e-05,-1.55265e-05,1.55265e-05,0.313838,0.000242271,
-4.98551e-05,3.05473e-05,-4.98551e-05,3.05473e-05,-1.46426e-05,1.46426e-05,0.313856,0.000228318,
-4.69824e-05,2.87866e-05,-4.69824e-05,2.87866e-05,-1.3809e-05,1.3809e-05,0.313874,0.000215168,
-4.42754e-05,2.71274e-05,-4.42754e-05,2.71274e-05,-1.30229e-05,1.30229e-05,0.31389,0.000202777,
-4.17244e-05,2.55638e-05,-4.17244e-05,2.55638e-05,-1.22816e-05,1.22816e-05,0.313906,0.000191099,
-3.93204e-05,2.40904e-05,-3.93204e-05,2.40904e-05,-1.15825e-05,1.15825e-05,0.31392,0.000180093,
-3.70549e-05,2.2702e-05,-3.70549e-05,2.2702e-05,-1.09232e-05,1.09232e-05,0.313934,0.000169722,
-3.49201e-05,2.13936e-05,-3.49201e-05,2.13936e-05,-1.03015e-05,1.03015e-05,0.313947,0.000159949,
-3.29082e-05,2.01606e-05,-3.29082e-05,2.01606e-05,-9.71516e-06,9.71516e-06,0.313959,0.000150738,
-3.10123e-05,1.89987e-05,-3.10123e-05,1.89987e-05,-9.16224e-06,9.16224e-06,0.313971,0.000142058,
-2.92257e-05,1.79038e-05,-2.92257e-05,1.79038e-05,-8.6408e-06,8.6408e-06,0.313982,0.000133878,
-2.7542e-05,1.6872e-05,-2.7542e-05,1.6872e-05,-8.14906e-06,8.14906e-06,0.313992,0.000126169,
-2.59554e-05,1.58997e-05,-2.59554e-05,1.58997e-05,-7.68532e-06,7.68532e-06,0.314001,0.000118904,
-2.44602e-05,1.49835e-05,-2.44602e-05,1.49835e-05,-7.248e-06,7.248e-06,0.314011,0.000112058,
-2.30511e-05,1.412e-05,-2.30511e-05,1.412e-05,-6.83558e-06,6.83558e-06,0.314019,0.000105606,
-2.17233e-05,1.33064e-05,-2.17233e-05,1.33064e-05,-6.44665e-06,6.44665e-06,0.314027,9.95259e-05,
-2.0472e-05,1.25396e-05,-2.0472e-05,1.25396e-05,-6.07987e-06,6.07987e-06,0.314035,9.37958e-05,
-1.92928e-05,1.1817e-05,-1.92928e-05,1.1817e-05,-5.73397e-06,5.73397e-06,0.314042,8.83958e-05,
-1.81815e-05,1.11361e-05,-1.81815e-05,1.11361e-05,-5.40777e-06,5.40777e-06,0.314049,8.33068e-05,
-1.71342e-05,1.04944e-05,-1.71342e-05,1.04944e-05,-5.10015e-06,5.10015e-06,0.314055,7.85108e-05,
-1.61473e-05,9.88976e-06,-1.61473e-05,9.88976e-06,-4.81004e-06,4.81004e-06,0.314061,7.39911e-05,
-1.52173e-05,9.31993e-06,-1.52173e-05,9.31993e-06,-4.53646e-06,4.53646e-06,0.314067,6.97317e-05,
-1.43409e-05,8.78294e-06,-1.43409e-05,8.78294e-06,-4.27845e-06,4.27845e-06,0.314072,6.57176e-05,
-1.35149e-05,8.27691e-06,-1.35149e-05,8.27691e-06,-4.03513e-06,4.03513e-06,0.314077,6.19347e-05,
-1.27365e-05,7.80003e-06,-1.27365e-05,7.80003e-06,-3.80566e-06,3.80566e-06,0.314082,5.83696e-05,
-1.2003e-05,7.35064e-06,-1.2003e-05,7.35064e-06,-3.58926e-06,3.58926e-06,0.314086,5.50098e-05,
-1.13118e-05,6.92715e-06,-1.13118e-05,6.92715e-06,-3.38518e-06,3.38518e-06,0.31409,5.18435e-05,
-1.06603e-05,6.52807e-06,-1.06603e-05,6.52807e-06,-3.19272e-06,3.19272e-06,0.314094,4.88595e-05,
-1.00464e-05,6.15199e-06,-1.00464e-05,6.15199e-06,-3.01121e-06,3.01121e-06,0.314098,4.60474e-05,
-9.46789e-06,5.79758e-06,-9.46789e-06,5.79758e-06,-2.84003e-06,2.84003e-06,0.314102,4.33971e-05,
-8.92268e-06,5.46359e-06,-8.92268e-06,5.46359e-06,-2.6786e-06,2.6786e-06,0.314105,4.08995e-05,
-8.40888e-06,5.14885e-06,-8.40888e-06,5.14885e-06,-2.52636e-06,2.52636e-06,0.314108,3.85457e-05,
-7.92468e-06,4.85225e-06,-7.92468e-06,4.85225e-06,-2.38278e-06,2.38278e-06,0.314111,3.63274e-05,
-7.46837e-06,4.57274e-06,-7.46837e-06,4.57274e-06,-2.24738e-06,2.24738e-06,0.314114,3.42368e-05,
-7.03834e-06,4.30934e-06,-7.03834e-06,4.30934e-06,-2.11968e-06,2.11968e-06,0.314116,3.22666e-05,
-6.63308e-06,4.06111e-06,-6.63308e-06,4.06111e-06,-1.99925e-06,1.99925e-06,0.314119,3.04099e-05,
-6.25117e-06,3.82719e-06,-6.25117e-06,3.82719e-06,-1.88567e-06,1.88567e-06,0.314121,2.866e-05,
-5.89126e-06,3.60674e-06,-5.89126e-06,3.60674e-06,-1.77855e-06,1.77855e-06,0.314123,2.70109e-05,
-5.55207e-06,3.399e-06,-5.55207e-06,3.399e-06,-1.67753e-06,1.67753e-06,0.314125,2.54567e-05,
-5.23243e-06,3.20323e-06,-5.23243e-06,3.20323e-06,-1.58226e-06,1.58226e-06,0.314127,2.39919e-05,
-4.93119e-06,3.01874e-06,-4.93119e-06,3.01874e-06,-1.4924e-06,1.4924e-06,0.314129,2.26115e-05,
-4.6473e-06,2.84488e-06,-4.6473e-06,2.84488e-06,-1.40766e-06,1.40766e-06,0.314131,2.13106e-05,
-4.37977e-06,2.68103e-06,-4.37977e-06,2.68103e-06,-1.32774e-06,1.32774e-06,0.314133,2.00846e-05,
-4.12764e-06,2.52663e-06,-4.12764e-06,2.52663e-06,-1.25236e-06,1.25236e-06,0.314134,1.89291e-05,
-3.89003e-06,2.38112e-06,-3.89003e-06,2.38112e-06,-1.18127e-06,1.18127e-06,0.314136,1.78401e-05,
-3.6661e-06,2.24399e-06,-3.6661e-06,2.24399e-06,-1.11423e-06,1.11423e-06,0.314137,1.68138e-05,
-3.45507e-06,2.11476e-06,-3.45507e-06,2.11476e-06,-1.051e-06,1.051e-06,0.314138,1.58466e-05,
-3.2562e-06,1.99298e-06,-3.2562e-06,1.99298e-06,-9.91358e-07,9.91358e-07,0.314139,1.4935e-05,
-3.06877e-06,1.87821e-06,-3.06877e-06,1.87821e-06,-9.35112e-07,9.35112e-07,0.314141,1.40759e-05,
-2.89214e-06,1.77006e-06,-2.89214e-06,1.77006e-06,-8.82064e-07,8.82064e-07,0.314142,1.32663e-05,
-2.72568e-06,1.66813e-06,-2.72568e-06,1.66813e-06,-8.32031e-07,8.32031e-07,0.314143,1.25032e-05,
-2.5688e-06,1.57208e-06,-2.5688e-06,1.57208e-06,-7.84843e-07,7.84843e-07,0.314144,1.17841e-05,
-2.42096e-06,1.48156e-06,-2.42096e-06,1.48156e-06,-7.40337e-07,7.40337e-07,0.314145,1.11064e-05,
-2.28163e-06,1.39625e-06,-2.28163e-06,1.39625e-06,-6.9836e-07,6.9836e-07,0.314145,1.04676e-05,
-2.15032e-06,1.31586e-06,-2.15032e-06,1.31586e-06,-6.58769e-07,6.58769e-07,0.314146,9.86561e-06,
-2.02657e-06,1.2401e-06,-2.02657e-06,1.2401e-06,-6.21428e-07,6.21428e-07,0.314147,9.29826e-06,
-1.90995e-06,1.1687e-06,-1.90995e-06,1.1687e-06,-5.86209e-07,5.86209e-07,0.314148,8.76355e-06,
-1.80004e-06,1.10142e-06,-1.80004e-06,1.10142e-06,-5.5299e-07,5.5299e-07,0.314148,8.25961e-06,
-1.69646e-06,1.03801e-06,-1.69646e-06,1.03801e-06,-5.21659e-07,5.21659e-07,0.314149,7.78466e-06,
-1.59884e-06,9.78249e-07,-1.59884e-06,9.78249e-07,-4.92108e-07,4.92108e-07,0.31415,7.33704e-06,
-1.50685e-06,9.21932e-07,-1.50685e-06,9.21932e-07,-4.64235e-07,4.64235e-07,0.31415,6.91518e-06,
-1.42014e-06,8.68859e-07,-1.42014e-06,8.68859e-07,-4.37944e-07,4.37944e-07,0.314151,6.51758e-06,
-1.33843e-06,8.18842e-07,-1.33843e-06,8.18842e-07,-4.13147e-07,4.13147e-07,0.314151,6.14286e-06,
-1.26143e-06,7.71706e-07,-1.26143e-06,7.71706e-07,-3.89758e-07,3.89758e-07,0.314152,5.7897e-06,
-1.18885e-06,7.27285e-07,-1.18885e-06,7.27285e-07,-3.67697e-07,3.67697e-07,0.314152,5.45685e-06,
-1.12046e-06,6.85421e-07,-1.12046e-06,6.85421e-07,-3.46888e-07,3.46888e-07,0.314152,5.14315e-06,
-1.056e-06,6.45968e-07,-1.056e-06,6.45968e-07,-3.2726e-07,3.2726e-07,0.314153,4.8475e-06,
-9.95247e-07,6.08788e-07,-9.95247e-07,6.08788e-07,-3.08747e-07,3.08747e-07,0.314153,4.56885e-06,
-9.37994e-07,5.73748e-07,-9.37994e-07,5.73748e-07,-2.91284e-07,2.91284e-07,0.314154,4.30623e-06,
-8.84036e-07,5.40726e-07,-8.84036e-07,5.40726e-07,-2.74811e-07,2.74811e-07,0.314154,4.05871e-06,
-8.33184e-07,5.09605e-07,-8.33184e-07,5.09605e-07,-2.59274e-07,2.59274e-07,0.314154,3.82543e-06,
-7.85259e-07,4.80276e-07,-7.85259e-07,4.80276e-07,-2.44617e-07,2.44617e-07,0.314154,3.60557e-06,
-7.40091e-07,4.52636e-07,-7.40091e-07,4.52636e-07,-2.30793e-07,2.30793e-07,0.314155,3.39836e-06,
-6.97523e-07,4.26587e-07,-6.97523e-07,4.26587e-07,-2.17752e-07,2.17752e-07,0.314155,3.20306e-06,
-6.57405e-07,4.02038e-07,-6.57405e-07,4.02038e-07,-2.0545e-07,2.0545e-07,0.314155,3.01899e-06,
-6.19595e-07,3.78902e-07,-6.19595e-07,3.78902e-07,-1.93846e-07,1.93846e-07,0.314155,2.8455e-06,
-5.83962e-07,3.57099e-07,-5.83962e-07,3.57099e-07,-1.829e-07,1.829e-07,0.314156,2.682e-06,
-5.50378e-07,3.3655e-07,-5.50378e-07,3.3655e-07,-1.72574e-07,1.72574e-07,0.314156,2.52789e-06,
-5.18727e-07,3.17185e-07,-5.18727e-07,3.17185e-07,-1.62834e-07,1.62834e-07,0.314156,2.38265e-06,
-4.88897e-07,2.98934e-07,-4.88897e-07,2.98934e-07,-1.53645e-07,1.53645e-07,0.314156,2.24575e-06,
-4.60784e-07,2.81734e-07,-4.60784e-07,2.81734e-07,-1.44977e-07,1.44977e-07,0.314156,2.11673e-06,
-4.34288e-07,2.65525e-07,-4.34288e-07,2.65525e-07,-1.368e-07,1.368e-07,0.314157,1.99513e-06,
-4.09317e-07,2.50248e-07,-4.09317e-07,2.50248e-07,-1.29086e-07,1.29086e-07,0.314157,1.88052e-06,
-3.85782e-07,2.3585e-07,-3.85782e-07,2.3585e-07,-1.21809e-07,1.21809e-07,0.314157,1.77249e-06,
-3.63601e-07,2.22282e-07,-3.63601e-07,2.22282e-07,-1.14945e-07,1.14945e-07,0.314157,1.67068e-06,
-3.42696e-07,2.09494e-07,-3.42696e-07,2.09494e-07,-1.08468e-07,1.08468e-07,0.314157,1.57472e-06,
-3.22994e-07,1.97442e-07,-3.22994e-07,1.97442e-07,-1.02358e-07,1.02358e-07,0.314157,1.48427e-06,
-3.04426e-07,1.86085e-07,-3.04426e-07,1.86085e-07,-9.65944e-08,9.65944e-08,0.314157,1.39903e-06,
-2.86925e-07,1.7538e-07,-2.86925e-07,1.7538e-07,-9.11565e-08,9.11565e-08,0.314158,1.31868e-06,
-2.70431e-07,1.65292e-07,-2.70431e-07,1.65292e-07,-8.60263e-08,8.60263e-08,0.314158,1.24295e-06,
-2.54886e-07,1.55784e-07,-2.54886e-07,1.55784e-07,-8.11862e-08,8.11862e-08,0.314158,1.17158e-06,
-2.40235e-07,1.46824e-07,-2.40235e-07,1.46824e-07,-7.66199e-08,7.66199e-08,0.314158,1.10431e-06,
-2.26427e-07,1.38379e-07,-2.26427e-07,1.38379e-07,-7.23117e-08,7.23117e-08,0.314158,1.0409e-06,
-2.13413e-07,1.3042e-07,-2.13413e-07,1.3042e-07,-6.82471e-08,6.82471e-08,0.314158,9.81135e-07,
-2.01147e-07,1.2292e-07,-2.01147e-07,1.2292e-07,-6.44122e-08,6.44122e-08,0.314158,9.24806e-07,
-1.89587e-07,1.1585e-07,-1.89587e-07,1.1585e-07,-6.0794e-08,6.0794e-08,0.314158,8.71714e-07,
-1.78691e-07,1.09188e-07,-1.78691e-07,1.09188e-07,-5.73802e-08,5.73802e-08,0.314158,8.21672e-07,
-1.68422e-07,1.02909e-07,-1.68422e-07,1.02909e-07,-5.41592e-08,5.41592e-08,0.314158,7.74506e-07,
-1.58744e-07,9.69911e-08,-1.58744e-07,9.69911e-08,-5.11201e-08,5.11201e-08,0.314158,7.3005e-07,
-1.49622e-07,9.14138e-08,-1.49622e-07,9.14138e-08,-4.82526e-08,4.82526e-08,0.314158,6.88148e-07,
-1.41025e-07,8.61574e-08,-1.41025e-07,8.61574e-08,-4.5547e-08,4.5547e-08,0.314158,6.48653e-07,
-1.32922e-07,8.12035e-08,-1.32922e-07,8.12035e-08,-4.29941e-08,4.29941e-08,0.314158,6.11427e-07,
-1.25285e-07,7.65345e-08,-1.25285e-07,7.65345e-08,-4.05852e-08,4.05852e-08,0.314158,5.76339e-07,
-1.18087e-07,7.21342e-08,-1.18087e-07,7.21342e-08,-3.83122e-08,3.83122e-08,0.314159,5.43267e-07,
-1.11303e-07,6.7987e-08,-1.11303e-07,6.7987e-08,-3.61673e-08,3.61673e-08,0.314159,5.12095e-07,
-1.04909e-07,6.40784e-08,-1.04909e-07,6.40784e-08,-3.41434e-08,3.41434e-08,0.314159,4.82713e-07,
-9.88823e-08,6.03946e-08,-9.88823e-08,6.03946e-08,-3.22336e-08,3.22336e-08,0.314159,4.55019e-07,
-9.32023e-08,5.69227e-08,-9.32023e-08,5.69227e-08,-3.04314e-08,3.04314e-08,0.314159,4.28915e-07,
-8.78488e-08,5.36505e-08,-8.78488e-08,5.36505e-08,-2.87308e-08,2.87308e-08,0.314159,4.0431e-07,
-8.2803e-08,5.05666e-08,-8.2803e-08,5.05666e-08,-2.71259e-08,2.71259e-08,0.314159,3.81118e-07,
-7.80472e-08,4.766e-08,-7.80472e-08,4.766e-08,-2.56114e-08,2.56114e-08,0.314159,3.59258e-07,
-7.35649e-08,4.49206e-08,-7.35649e-08,4.49206e-08,-2.41822e-08,2.41822e-08,0.314159,3.38653e-07,
-6.93401e-08,4.23388e-08,-6.93401e-08,4.23388e-08,-2.28333e-08,2.28333e-08,0.314159,3.19232e-07,
-6.53581e-08,3.99054e-08,-6.53581e-08,3.99054e-08,-2.15604e-08,2.15604e-08,0.314159,3.00925e-07,
-6.1605e-08,3.7612e-08,-6.1605e-08,3.7612e-08,-2.03591e-08,2.03591e-08,0.314159,2.83669e-07,
-5.80676e-08,3.54505e-08,-5.80676e-08,3.54505e-08,-1.92253e-08,1.92253e-08,0.314159,2.67404e-07,
-5.47335e-08,3.34133e-08,-5.47335e-08,3.34133e-08,-1.81553e-08,1.81553e-08,0.314159,2.52073e-07,
-5.1591e-08,3.14932e-08,-5.1591e-08,3.14932e-08,-1.71454e-08,1.71454e-08,0.314159,2.37622e-07,
-4.8629e-08,2.96836e-08,-4.8629e-08,2.96836e-08,-1.61922e-08,1.61922e-08,0.314159,2.24e-07,
-4.58373e-08,2.79779e-08,-4.58373e-08,2.79779e-08,-1.52926e-08,1.52926e-08,0.314159,2.1116e-07,
-4.32059e-08,2.63704e-08,-4.32059e-08,2.63704e-08,-1.44434e-08,1.44434e-08,0.314159,1.99057e-07,
-4.07258e-08,2.48553e-08,-4.07258e-08,2.48553e-08,-1.3642e-08,1.3642e-08,0.314159,1.87648e-07,
-3.83881e-08,2.34273e-08,-3.83881e-08,2.34273e-08,-1.28854e-08,1.28854e-08,0.314159,1.76894e-07,
-3.61847e-08,2.20814e-08,-3.61847e-08,2.20814e-08,-1.21714e-08,1.21714e-08,0.314159,1.66758e-07,
-3.41079e-08,2.08129e-08,-3.41079e-08,2.08129e-08,-1.14973e-08,1.14973e-08,0.314159,1.57203e-07,
-3.21505e-08,1.96173e-08,-3.21505e-08,1.96173e-08,-1.0861e-08,1.0861e-08,0.314159,1.48196e-07,
-3.03054e-08,1.84905e-08,-3.03054e-08,1.84905e-08,-1.02604e-08,1.02604e-08,0.314159,1.39706e-07,
-2.85663e-08,1.74284e-08,-2.85663e-08,1.74284e-08,-9.69345e-09,9.69345e-09,0.314159,1.31703e-07,
-2.69272e-08,1.64274e-08,-2.69272e-08,1.64274e-08,-9.15821e-09,9.15821e-09,0.314159,1.24159e-07,
-2.53821e-08,1.54839e-08,-2.53821e-08,1.54839e-08,-8.65292e-09,8.65292e-09,0.314159,1.17048e-07,
-2.39258e-08,1.45946e-08,-2.39258e-08,1.45946e-08,-8.1759e-09,8.1759e-09,0.314159,1.10344e-07,
-2.25532e-08,1.37564e-08,-2.25532e-08,1.37564e-08,-7.72555e-09,7.72555e-09,0.314159,1.04025e-07,
-2.12594e-08,1.29665e-08,-2.12594e-08,1.29665e-08,-7.30038e-09,7.30038e-09,0.314159,9.80689e-08,
-2.00398e-08,1.22219e-08,-2.00398e-08,1.22219e-08,-6.89896e-09,6.89896e-09,0.314159,9.2454e-08,
-1.88903e-08,1.15201e-08,-1.88903e-08,1.15201e-08,-6.51996e-09,6.51996e-09,0.314159,8.71611e-08,
-1.78068e-08,1.08586e-08,-1.78068e-08,1.08586e-08,-6.16211e-09,6.16211e-09,0.314159,8.21716e-08,
-1.67855e-08,1.02352e-08,-1.67855e-08,1.02352e-08,-5.82423e-09,5.82423e-09,0.314159,7.74683e-08,
-1.58229e-08,9.64758e-09,-1.58229e-08,9.64758e-09,-5.5052e-09,5.5052e-09,0.314159,7.30346e-08,
-1.49155e-08,9.09372e-09,-1.49155e-08,9.09372e-09,-5.20396e-09,5.20396e-09,0.314159,6.8855e-08,
-1.40602e-08,8.57168e-09,-1.40602e-08,8.57168e-09,-4.91949e-09,4.91949e-09,0.314159,6.49151e-08,
-1.3254e-08,8.07964e-09,-1.3254e-08,8.07964e-09,-4.65088e-09,4.65088e-09,0.314159,6.1201e-08,
-1.2494e-08,7.61587e-09,-1.2494e-08,7.61587e-09,-4.39721e-09,4.39721e-09,0.314159,5.76997e-08,
-1.17777e-08,7.17874e-09,-1.17777e-08,7.17874e-09,-4.15766e-09,4.15766e-09,0.314159,5.43991e-08,
-1.11025e-08,6.76672e-09,-1.11025e-08,6.76672e-09,-3.93143e-09,3.93143e-09,0.314159,5.12876e-08,
-1.04661e-08,6.37838e-09,-1.04661e-08,6.37838e-09,-3.71778e-09,3.71778e-09,0.314159,4.83545e-08,
-9.86616e-09,6.01234e-09,-9.86616e-09,6.01234e-09,-3.51599e-09,3.51599e-09,0.314159,4.55894e-08,
-9.30067e-09,5.66732e-09,-9.30067e-09,5.66732e-09,-3.32541e-09,3.32541e-09,0.314159,4.29827e-08,
-8.76762e-09,5.34212e-09,-8.76762e-09,5.34212e-09,-3.14541e-09,3.14541e-09,0.314159,4.05253e-08,
-8.26516e-09,5.0356e-09,-8.26516e-09,5.0356e-09,-2.97539e-09,2.97539e-09,0.314159,3.82087e-08,
-7.79153e-09,4.74669e-09,-7.79153e-09,4.74669e-09,-2.81479e-09,2.81479e-09,0.314159,3.60248e-08,
-7.34508e-09,4.47436e-09,-7.34508e-09,4.47436e-09,-2.66309e-09,2.66309e-09,0.314159,3.3966e-08,
-6.92423e-09,4.21768e-09,-6.92423e-09,4.21768e-09,-2.51979e-09,2.51979e-09,0.314159,3.2025e-08,
-6.52753e-09,3.97574e-09,-6.52753e-09,3.97574e-09,-2.38441e-09,2.38441e-09,0.314159,3.01953e-08,
-6.15358e-09,3.74769e-09,-6.15358e-09,3.74769e-09,-2.25652e-09,2.25652e-09,0.314159,2.84702e-08,
-5.80109e-09,3.53273e-09,-5.80109e-09,3.53273e-09,-2.1357e-09,2.1357e-09,0.314159,2.6844e-08,
-5.46881e-09,3.33011e-09,-5.46881e-09,3.33011e-09,-2.02156e-09,2.02156e-09,0.314159,2.53108e-08,
-5.15558e-09,3.13913e-09,-5.15558e-09,3.13913e-09,-1.91371e-09,1.91371e-09,0.314159,2.38654e-08,
-4.86032e-09,2.95911e-09,-4.86032e-09,2.95911e-09,-1.81181e-09,1.81181e-09,0.314159,2.25028e-08,
-4.582e-09,2.78943e-09,-4.582e-09,2.78943e-09,-1.71552e-09,1.71552e-09,0.314159,2.12181e-08,
-4.31963e-09,2.62949e-09,-4.31963e-09,2.62949e-09,-1.62454e-09,1.62454e-09,0.314159,2.00069e-08,
-4.0723e-09,2.47873e-09,-4.0723e-09,2.47873e-09,-1.53856e-09,1.53856e-09,0.314159,1.88651e-08,
-3.83915e-09,2.33662e-09,-3.83915e-09,2.33662e-09,-1.45732e-09,1.45732e-09,0.314159,1.77885e-08,
-3.61937e-09,2.20267e-09,-3.61937e-09,2.20267e-09,-1.38053e-09,1.38053e-09,0.314159,1.67736e-08,
-3.41219e-09,2.07641e-09,-3.41219e-09,2.07641e-09,-1.30797e-09,1.30797e-09,0.314159,1.58167e-08,
-3.21688e-09,1.95739e-09,-3.21688e-09,1.95739e-09,-1.23938e-09,1.23938e-09,0.314159,1.49145e-08,
-3.03277e-09,1.8452e-09,-3.03277e-09,1.8452e-09,-1.17455e-09,1.17455e-09,0.314159,1.4064e-08,
-2.85921e-09,1.73946e-09,-2.85921e-09,1.73946e-09,-1.11328e-09,1.11328e-09,0.314159,1.32621e-08,
-2.6956e-09,1.63978e-09,-2.6956e-09,1.63978e-09,-1.05536e-09,1.05536e-09,0.314159,1.2506e-08,
-2.54136e-09,1.54581e-09,-2.54136e-09,1.54581e-09,-1.0006e-09,1.0006e-09,0.314159,1.17931e-08,
-2.39595e-09,1.45725e-09,-2.39595e-09,1.45725e-09,-9.48837e-10,9.48837e-10,0.314159,1.1121e-08,
-0.080206,-1.2214,-0.080206,-1.2214,-0.0439036,0.0439036,0.315195,0.0095534,
-0.209633,-1.37284,-0.209633,-1.37284,-0.0803492,0.0803492,0.315187,-0.0277837,
-0.28629,-0.495082,-0.28629,-0.495082,-0.0848014,0.0848014,0.309984,-0.110464,
-0.299456,0.0419416,-0.299456,0.0419416,-0.0639293,0.0639293,0.297771,-0.19929,
-0.293103,0.0761985,-0.293103,0.0761985,-0.0363465,0.0363465,0.278872,-0.280291,
-0.25757,0.503793,-0.25757,0.503793,-0.00289904,0.00289904,0.253338,-0.362039,
-0.166074,1.14662,-0.166074,1.14662,0.0396543,-0.0396543,0.221582,-0.429884,
-0.0456155,1.27289,-0.0456155,1.27289,0.0757725,-0.0757725,0.185918,-0.459976,
0.0575843,0.948233,0.0575843,0.948233,0.0895816,-0.0895816,0.149556,-0.452055,
0.120401,0.492244,0.120401,0.492244,0.0773717,-0.0773717,0.115018,-0.419556,
0.158792,0.343583,0.158792,0.343583,0.054859,-0.054859,0.0834287,-0.378769,
0.178491,0.131745,0.178491,0.131745,0.0312664,-0.0312664,0.0555018,-0.32925,
0.159865,-0.348159,0.159865,-0.348159,0.00517082,-0.00517082,0.0318984,-0.275287,
0.117789,-0.470254,0.117789,-0.470254,-0.0122007,0.0122007,0.012024,-0.235801,
0.080217,-0.341886,0.080217,-0.341886,-0.014677,0.014677,-0.00540784,-0.211387,
0.0483769,-0.317452,0.0483769,-0.317452,-0.00911497,0.00911497,-0.0212257,-0.194566,
0.0268009,-0.173112,0.0268009,-0.173112,0.00179505,-0.00179505,-0.0361573,-0.186923,
0.0201765,-0.0161077,0.0201765,-0.0161077,0.0133579,-0.0133579,-0.0507211,-0.183199,
0.0185831,-0.0163758,0.0185831,-0.0163758,0.0183119,-0.0183119,-0.0649225,-0.177851,
0.0191796,0.0171022,0.0191796,0.0171022,0.0176939,-0.0176939,-0.0787475,-0.173194,
0.0220987,0.0360776,0.0220987,0.0360776,0.0137398,-0.0137398,-0.0921867,-0.167827,
0.0242075,0.0144467,0.0242075,0.0144467,0.00858224,-0.00858224,-0.105138,-0.161122,
0.0276734,0.0457049,0.0276734,0.0457049,0.0061053,-0.0061053,-0.117587,-0.154584,
0.0320888,0.0448578,0.0320888,0.0448578,0.00609946,-0.00609946,-0.129456,-0.146439,
0.0351247,0.024266,0.0351247,0.024266,0.00721492,-0.00721492,-0.140621,-0.13695,
0.0363814,0.00725384,0.0363814,0.00725384,0.00830615,-0.00830615,-0.15101,-0.126939,
0.0342806,-0.0355428,0.0342806,-0.0355428,0.00780833,-0.00780833,-0.160576,-0.116611,
0.029601,-0.0538582,0.029601,-0.0538582,0.00637441,-0.00637441,-0.169374,-0.107628,
0.0241731,-0.0562832,0.0241731,-0.0562832,0.00490005,-0.00490005,-0.177528,-0.100292,
0.0193455,-0.0459559,0.0193455,-0.0459559,0.00411366,-0.00411366,-0.185174,-0.0945654,
0.0165201,-0.0205205,0.0165201,-0.0205205,0.00439588,-0.00439588,-0.192434,-0.0901267,
0.0154449,-0.00632526,0.0154449,-0.00632526,0.00500369,-0.00500369,-0.199363,-0.0860173,
0.0154932,0.00383272,0.0154932,0.00383272,0.00540649,-0.00540649,-0.205977,-0.0819724,
0.0158521,0.00358878,0.0158521,0.00358878,0.00520386,-0.00520386,-0.212262,-0.0776946,
0.0159087,-0.000895474,0.0159087,-0.000895474,0.00453774,-0.00453774,-0.218204,-0.0732923,
0.0156399,-0.0036546,0.0156399,-0.0036546,0.00386815,-0.00386815,-0.2238,-0.0689533,
0.0150296,-0.00750414,0.0150296,-0.00750414,0.00343355,-0.00343355,-0.229057,-0.0647188,
0.014234,-0.00844187,0.014234,-0.00844187,0.00332359,-0.00332359,-0.23399,-0.060726,
0.0132525,-0.0108115,0.0132525,-0.0108115,0.00330586,-0.00330586,-0.238616,-0.05695,
0.0121452,-0.0115689,0.0121452,-0.0115689,0.00322491,-0.00322491,-0.242956,-0.0534844,
0.0110304,-0.0113114,0.0110304,-0.0113114,0.003021,-0.003021,-0.247036,-0.0503375,
0.0100551,-0.00931317,0.0100551,-0.00931317,0.00277556,-0.00277556,-0.250882,-0.0475039,
0.00934977,-0.00618022,0.00934977,-0.00618022,0.00259187,-0.00259187,-0.254517,-0.0449175,
0.00889427,-0.00391011,0.00889427,-0.00391011,0.00248045,-0.00248045,-0.257954,-0.0424739,
0.00859428,-0.00265353,0.00859428,-0.00265353,0.00240277,-0.00240277,-0.261203,-0.0401154,
0.00830113,-0.00316472,0.00830113,-0.00316472,0.00228852,-0.00228852,-0.264268,-0.0378077,
0.00793949,-0.00395746,0.00793949,-0.00395746,0.00213606,-0.00213606,-0.267155,-0.0355848,
0.00749631,-0.00481099,0.00749631,-0.00481099,0.00197159,-0.00197159,-0.26987,-0.0334709,
0.00701818,-0.00492521,0.00701818,-0.00492521,0.0018395,-0.0018395,-0.272424,-0.0314951,
0.00654837,-0.00474252,0.00654837,-0.00474252,0.00174427,-0.00174427,-0.274829,-0.0296533,
0.00611399,-0.0042925,0.00611399,-0.0042925,0.00166857,-0.00166857,-0.277093,-0.0279388,
0.00572185,-0.00386973,0.00572185,-0.00386973,0.00158743,-0.00158743,-0.279227,-0.026336,
0.00537358,-0.00340861,0.00537358,-0.00340861,0.00149584,-0.00149584,-0.281239,-0.0248344,
0.00506851,-0.00297644,0.00506851,-0.00297644,0.00140323,-0.00140323,-0.283137,-0.0234211,
0.00479986,-0.00263352,0.00479986,-0.00263352,0.00132052,-0.00132052,-0.284927,-0.0220844,
0.00455356,-0.00246111,0.00455356,-0.00246111,0.00124884,-0.00124884,-0.286614,-0.0208149,
0.00431311,-0.00245648,0.00431311,-0.00245648,0.00118174,-0.00118174,-0.288203,-0.0196087,
0.00406997,-0.00249975,0.00406997,-0.00249975,0.00111454,-0.00111454,-0.289701,-0.0184676,
0.00382619,-0.0024883,0.00382619,-0.0024883,0.00104806,-0.00104806,-0.291111,-0.0173937,
0.00359115,-0.00236074,0.00359115,-0.00236074,0.000986599,-0.000986599,-0.292439,-0.0163869,
0.00337273,-0.0021701,0.00337273,-0.0021701,0.000931707,-0.000931707,-0.293691,-0.0154428,
0.00317363,-0.00196929,0.00317363,-0.00196929,0.000881616,-0.000881616,-0.29487,-0.0145556,
0.00299142,-0.00181035,0.00299142,-0.00181035,0.000833176,-0.000833176,-0.295982,-0.0137196,
0.00282255,-0.00168508,0.00282255,-0.00168508,0.000785556,-0.000785556,-0.29703,-0.0129308,
0.002664,-0.00158933,0.002664,-0.00158933,0.000739811,-0.000739811,-0.298018,-0.0121859,
0.00251389,-0.00150763,0.00251389,-0.00150763,0.000697367,-0.000697367,-0.298949,-0.0114829,
0.00237068,-0.00144254,0.00237068,-0.00144254,0.000658143,-0.000658143,-0.299826,-0.0108195,
0.00223359,-0.00138139,0.00223359,-0.00138139,0.000621266,-0.000621266,-0.300652,-0.0101941,
0.00210272,-0.00131635,0.00210272,-0.00131635,0.000586018,-0.000586018,-0.30143,-0.0096053,
0.00197911,-0.00123785,0.00197911,-0.00123785,0.000552539,-0.000552539,-0.302164,-0.00905131,
0.00186357,-0.00115326,0.00186357,-0.00115326,0.000521139,-0.000521139,-0.302855,-0.00852996,
0.00175607,-0.00107227,0.00175607,-0.00107227,0.000491802,-0.000491802,-0.303507,-0.00803887,
0.00165565,-0.00100414,0.00165565,-0.00100414,0.000464112,-0.000464112,-0.304121,-0.00757585,
0.00156113,-0.000947667,0.00156113,-0.000947667,0.000437761,-0.000437761,-0.3047,-0.00713915,
0.00147168,-0.000898118,0.00147168,-0.000898118,0.000412744,-0.000412744,-0.305245,-0.00672737,
0.00138693,-0.000850774,0.00138693,-0.000850774,0.000389203,-0.000389203,-0.305759,-0.00633925,
0.00130676,-0.000804313,0.00130676,-0.000804313,0.000367138,-0.000367138,-0.306243,-0.00597355,
0.00123106,-0.000758949,0.00123106,-0.000758949,0.000346373,-0.000346373,-0.306699,-0.00562903,
0.00115973,-0.000714588,0.00115973,-0.000714588,0.000326731,-0.000326731,-0.307129,-0.0053045,
0.00109265,-0.000671584,0.00109265,-0.000671584,0.000308146,-0.000308146,-0.307534,-0.00499878,
0.00102964,-0.000630571,0.00102964,-0.000630571,0.000290623,-0.000290623,-0.307916,-0.00471072,
0.000970427,-0.000592991,0.000970427,-0.000592991,0.000274125,-0.000274125,-0.308276,-0.00443923,
0.000914649,-0.000559023,0.000914649,-0.000559023,0.000258568,-0.000258568,-0.308615,-0.00418332,
0.000861998,-0.000528029,0.000861998,-0.000528029,0.000243867,-0.000243867,-0.308935,-0.00394211,
0.000812275,-0.000498633,0.000812275,-0.000498633,0.000229985,-0.000229985,-0.309236,-0.0037148,
0.00076536,-0.000470259,0.00076536,-0.000470259,0.000216903,-0.000216903,-0.309519,-0.00350063,
0.000721152,-0.000442925,0.000721152,-0.000442925,0.000204583,-0.000204583,-0.309787,-0.00329883,
0.000679527,-0.000416989,0.000679527,-0.000416989,0.000192963,-0.000192963,-0.310039,-0.00310869,
0.000640336,-0.000392607,0.000640336,-0.000392607,0.000181992,-0.000181992,-0.310276,-0.00292952,
0.000603432,-0.000369738,0.000603432,-0.000369738,0.000171637,-0.000171637,-0.3105,-0.00276067,
0.000568667,-0.000348361,0.000568667,-0.000348361,0.000161872,-0.000161872,-0.310711,-0.00260155,
0.000535901,-0.00032838,0.000535901,-0.00032838,0.000152668,-0.000152668,-0.310909,-0.00245159,
0.000505006,-0.000309661,0.000505006,-0.000309661,0.000143985,-0.000143985,-0.311097,-0.00231027,
0.000475877,-0.000291959,0.000475877,-0.000291959,0.000135793,-0.000135793,-0.311273,-0.00217711,
0.000448421,-0.000275133,0.000448421,-0.000275133,0.000128066,-0.000128066,-0.311439,-0.00205162,
0.000422555,-0.000259168,0.000422555,-0.000259168,0.00012078,-0.00012078,-0.311596,-0.00193338,
0.00039819,-0.000244117,0.00039819,-0.000244117,0.00011391,-0.00011391,-0.311744,-0.00182195,
0.000375237,-0.000229995,0.000375237,-0.000229995,0.000107429,-0.000107429,-0.311883,-0.00171695,
0.000353609,-0.000216737,0.000353609,-0.000216737,0.000101315,-0.000101315,-0.312014,-0.001618,
0.000333226,-0.000204268,0.000333226,-0.000204268,9.5548e-05,-9.5548e-05,-0.312138,-0.00152475,
