0.080206,1.2214,0.080206,1.2214,0.0402303,-0.0402303,-0.001036,-0.009567,
0.20265,1.26651,0.20265,1.26651,0.0678434,-0.0678434,-0.000939056,0.028559,
0.27702,0.51233,0.27702,0.51233,0.0661613,-0.0661613,0.0041409,0.106833,
0.290149,-0.0509508,0.290149,-0.0509508,0.043262,-0.043262,0.0159886,0.193463,
0.262604,-0.394521,0.262604,-0.394521,0.0127396,-0.0127396,0.0345885,0.27414,
0.186329,-0.968348,0.186329,-0.968348,-0.0256031,0.0256031,0.0594265,0.344348,
0.0715332,-1.27395,0.0715332,-1.27395,-0.0615053,0.0615053,0.0887322,0.383835,
-0.034783,-0.995174,-0.034783,-0.995174,-0.07514,0.07514,0.119418,0.383367,
-0.0992393,-0.494233,-0.0992393,-0.494233,-0.0616699,0.0616699,0.148756,0.356144,
-0.137452,-0.339889,-0.137452,-0.339889,-0.0396751,0.0396751,0.175578,0.321109,
-0.148118,0.00401454,-0.148118,0.00401454,-0.0152743,0.0152743,0.199084,0.276463,
-0.122195,0.39279,-0.122195,0.39279,0.00679717,-0.00679717,0.218939,0.233354,
-0.0885761,0.319617,-0.0885761,0.319617,0.0126134,-0.0126134,0.236081,0.206244,
-0.0597765,0.282055,-0.0597765,0.282055,0.00713356,-0.00713356,0.251416,0.186954,
-0.036962,0.209308,-0.036962,0.209308,-0.00334845,0.00334845,0.265566,0.175172,
-0.0266124,0.0551101,-0.0266124,0.0551101,-0.0142988,0.0142988,0.279095,0.169157,
-0.0202376,0.0700901,-0.0202376,0.0700901,-0.017254,0.017254,0.292112,0.162477,
-0.0164679,0.0230841,-0.0164679,0.0230841,-0.0146651,0.0146651,0.304722,0.158218,
-0.0162516,-0.00801054,-0.0162516,-0.00801054,-0.00968487,0.00968487,0.317023,0.154244,
-0.0183325,-0.0277654,-0.0183325,-0.0277654,-0.00579936,0.00579936,0.329005,0.14985,
-0.0246485,-0.0825861,-0.0246485,-0.0825861,-0.00594895,0.00594895,0.340648,0.144916,
-0.0313144,-0.0610683,-0.0313144,-0.0610683,-0.0075137,0.0075137,0.35177,0.136924,
-0.0358016,-0.0384283,-0.0358016,-0.0384283,-0.00900727,0.00900727,0.362192,0.1274,
-0.0357518,0.0195772,-0.0357518,0.0195772,-0.0083845,0.0083845,0.371787,0.116684,
-0.0312927,0.0583171,-0.0312927,0.0583171,-0.00633631,0.00633631,0.380557,0.106924,
-0.0251532,0.0649376,-0.0251532,0.0649376,-0.00454175,0.00454175,0.388635,0.0991592,
-0.0195839,0.0530112,-0.0195839,0.0530112,-0.00394435,0.00394435,0.396183,0.0932984,
-0.0164304,0.0220629,-0.0164304,0.0220629,-0.0047085,0.0047085,0.403345,0.0889333,
-0.015234,0.00741631,-0.015234,0.00741631,-0.00550533,0.00550533,0.410182,0.0848697,
-0.0152601,-0.00403055,-0.0152601,-0.00403055,-0.00569849,0.00569849,0.416708,0.0809042,
-0.0154549,-0.000992704,-0.0154549,-0.000992704,-0.00501157,0.00501157,0.42291,0.0766644,
-0.0155782,-0.00139035,-0.0155782,-0.00139035,-0.00418829,0.00418829,0.428779,0.0724452,
-0.0154769,0.00222252,-0.0154769,0.00222252,-0.00366564,0.00366564,0.434311,0.0681597,
-0.0151192,0.00435946,-0.0151192,0.00435946,-0.00360133,0.00360133,0.439509,0.0639637,
-0.014318,0.0100665,-0.014318,0.0100665,-0.00362568,0.00362568,0.444377,0.0598649,
-0.0130911,0.0137538,-0.0130911,0.0137538,-0.00349763,0.00349763,0.448933,0.0560759,
-0.0116755,0.0148221,-0.0116755,0.0148221,-0.0031885,0.0031885,0.453206,0.0526907,
-0.0104612,0.0112327,-0.0104612,0.0112327,-0.00290535,0.00290535,0.457232,0.0497415,
-0.00967356,0.00649426,-0.00967356,0.00649426,-0.00275963,0.00275963,0.461039,0.047083,
-0.00927586,0.00287607,-0.00927586,0.00287607,-0.00271123,0.00271123,0.464645,0.0445654,
-0.00903526,0.00225561,-0.00903526,0.00225561,-0.00262355,0.00262355,0.468054,0.0420832,
-0.00875117,0.00322161,-0.00875117,0.00322161,-0.00245001,0.00245001,0.471269,0.0396461,
-0.00834715,0.00457503,-0.00834715,0.00457503,-0.00224126,0.00224126,0.474295,0.0372969,
-0.00786412,0.0051153,-0.00786412,0.0051153,-0.00208189,0.00208189,0.477141,0.0350829,
-0.00735258,0.00528497,-0.00735258,0.00528497,-0.00198285,0.00198285,0.479818,0.0330105,
-0.00684941,0.00507444,-0.00684941,0.00507444,-0.00190535,0.00190535,0.482338,0.0310823,
-0.00637285,0.00477227,-0.00637285,0.00477227,-0.0018062,0.0018062,0.484711,0.0292887,
-0.00595451,0.00403374,-0.00595451,0.00403374,-0.00169238,0.00169238,0.486949,0.0276241,
-0.00561014,0.00326885,-0.00561014,0.00326885,-0.00158649,0.00158649,0.489061,0.0260635,
-0.00533048,0.00265803,-0.00533048,0.00265803,-0.00150245,0.00150245,0.491053,0.0245852,
-0.00507544,0.00258216,-0.00507544,0.00258216,-0.00142619,0.00142619,0.492931,0.0231706,
-0.00481239,0.00274135,-0.00481239,0.00274135,-0.00134619,0.00134619,0.4947,0.0218225,
-0.00453276,0.00291593,-0.00453276,0.00291593,-0.00126255,0.00126255,0.496366,0.0205482,
-0.00425219,0.00284469,-0.00425219,0.00284469,-0.00118663,0.00118663,0.497935,0.0193542,
-0.00398787,0.00263207,-0.00398787,0.00263207,-0.001122,0.001122,0.499413,0.0182368,
-0.00374681,0.00238206,-0.00374681,0.00238206,-0.00106345,0.00106345,0.500806,0.0171887,
-0.00352785,0.00216801,-0.00352785,0.00216801,-0.00100474,0.00100474,0.502119,0.0162025,
-0.00332743,0.00199033,-0.00332743,0.00199033,-0.00094583,0.00094583,0.503357,0.0152727,
-0.00314282,0.00183659,-0.00314282,0.00183659,-0.000890803,0.000890803,0.504524,0.014395,
-0.00296916,0.00174527,-0.00296916,0.00174527,-0.000840866,0.000840866,0.505623,0.0135649,
-0.00280179,0.00169406,-0.00280179,0.00169406,-0.00079434,0.00079434,0.506659,0.0127805,
-0.0026386,0.00165555,-0.0026386,0.00165555,-0.000749176,0.000749176,0.507635,0.0120409,
-0.00248185,0.00157638,-0.00248185,0.00157638,-0.000705977,0.000705977,0.508555,0.0113456,
-0.002335,0.00146426,-0.002335,0.00146426,-0.000665892,0.000665892,0.509422,0.0106921,
-0.00219933,0.00134911,-0.00219933,0.00134911,-0.000628816,0.000628816,0.510238,0.010077,
-0.00207357,0.00125435,-0.00207357,0.00125435,-0.000593657,0.000593657,0.511008,0.00949721,
-0.00195557,0.00118281,-0.00195557,0.00118281,-0.000559802,0.000559802,0.511733,0.00895017,
-0.00184402,0.00111949,-0.00184402,0.00111949,-0.000527721,0.000527721,0.512417,0.00843422,
-0.00173826,0.00106233,-0.00173826,0.00106233,-0.000497784,0.000497784,0.513061,0.00794774,
-0.00163789,0.00100818,-0.00163789,0.00100818,-0.000469776,0.000469776,0.513668,0.00748925,
-0.00154277,0.000954842,-0.00154277,0.000954842,-0.000443227,0.000443227,0.51424,0.00705735,
-0.00145304,0.000898833,-0.00145304,0.000898833,-0.000418008,0.000418008,0.514779,0.00665064,
-0.00136894,0.000840629,-0.00136894,0.000840629,-0.000394276,0.000394276,0.515287,0.00626762,
-0.00129022,0.000787143,-0.00129022,0.000787143,-0.000371999,0.000371999,0.515766,0.00590667,
-0.00121625,0.000741014,-0.00121625,0.000741014,-0.00035097,0.00035097,0.516217,0.00556638,
-0.0011464,0.000700794,-0.0011464,0.000700794,-0.000331034,0.000331034,0.516642,0.00524555,
-0.00108033,0.000662879,-0.00108033,0.000662879,-0.000312204,0.000312204,0.517043,0.00494317,
-0.00101794,0.000625469,-0.00101794,0.000625469,-0.000294507,0.000294507,0.517421,0.00465827,
-0.000959124,0.000589447,-0.000959124,0.000589447,-0.000277845,0.000277845,0.517776,0.00438984,
-0.000903726,0.000554978,-0.000903726,0.000554978,-0.0002621,0.0002621,0.518112,0.00413692,
-0.000851595,0.000522104,-0.000851595,0.000522104,-0.000247218,0.000247218,0.518428,0.0038986,
-0.000802549,0.000491216,-0.000802549,0.000491216,-0.00023319,0.00023319,0.518725,0.00367402,
-0.000756367,0.000462719,-0.000756367,0.000462719,-0.000219976,0.000219976,0.519006,0.00346235,
-0.000712816,0.000436616,-0.000712816,0.000436616,-0.000207505,0.000207505,0.519271,0.00326286,
-0.000671717,0.000412061,-0.000671717,0.000412061,-0.000195726,0.000195726,0.51952,0.00307486,
-0.00063296,0.000388428,-0.00063296,0.000388428,-0.000184619,0.000184619,0.519755,0.0028977,
-0.000596446,0.00036583,-0.000596446,0.00036583,-0.000174152,0.000174152,0.519976,0.00273078,
-0.00056206,0.000344506,-0.00056206,0.000344506,-0.00016428,0.00016428,0.520185,0.00257347,
-0.000529671,0.000324526,-0.000529671,0.000324526,-0.00015496,0.00015496,0.520381,0.00242524,
-0.000499155,0.000305786,-0.000499155,0.000305786,-0.000146166,0.000146166,0.520566,0.00228554,
-0.000470398,0.000288185,-0.000470398,0.000288185,-0.000137876,0.000137876,0.520741,0.00215389,
-0.000443291,0.000271673,-0.000443291,0.000271673,-0.000130057,0.000130057,0.520905,0.00202982,
-0.000417737,0.000256106,-0.000417737,0.000256106,-0.00012268,0.00012268,0.521061,0.0019129,
-0.000393654,0.000241335,-0.000393654,0.000241335,-0.00011572,0.00011572,0.521207,0.00180272,
-0.000370964,0.00022735,-0.000370964,0.00022735,-0.000109157,0.000109157,0.521344,0.00169889,
-0.000349588,0.000214191,-0.000349588,0.000214191,-0.000102966,0.000102966,0.521474,0.00160105,
-0.000329446,0.000201841,-0.000329446,0.000201841,-9.71265e-05,9.71265e-05,0.521596,0.00150884,
-0.000310463,0.000190227,-0.000310463,0.000190227,-9.16172e-05,9.16172e-05,0.521712,0.00142195,
-0.000292574,0.000179278,-0.000292574,0.000179278,-8.64212e-05,8.64212e-05,0.52182,0.00134006,
-0.000275714,0.000168954,-0.000275714,0.000168954,-8.15206e-05,8.15206e-05,0.521923,0.00126289,
-0.000259826,0.000159218,-0.000259826,0.000159218,-7.68978e-05,7.68978e-05,0.522019,0.00119017,
-0.000244853,0.000150032,-0.000244853,0.000150032,-7.25371e-05,7.25371e-05,0.52211,0.00112163,
-0.000230746,0.000141369,-0.000230746,0.000141369,-6.84241e-05,6.84241e-05,0.522196,0.00105705,
-0.000217452,0.000133216,-0.000217452,0.000133216,-6.45447e-05,6.45447e-05,0.522276,0.000996183,
-0.000204924,0.000125544,-0.000204924,0.000125544,-6.08853e-05,6.08853e-05,0.522352,0.000938824,
-0.000193118,0.000118314,-0.000193118,0.000118314,-5.74335e-05,5.74335e-05,0.522424,0.00088477,
-0.000181991,0.000111496,-0.000181991,0.000111496,-5.41777e-05,5.41777e-05,0.522492,0.00083383,
-0.000171506,0.000105068,-0.000171506,0.000105068,-5.11068e-05,5.11068e-05,0.522555,0.000785824,
-0.000161626,9.9011e-05,-0.000161626,9.9011e-05,-4.82101e-05,4.82101e-05,0.522615,0.000740584,
-0.000152315,9.33029e-05,-0.000152315,9.33029e-05,-4.54778e-05,4.54778e-05,0.522672,0.000697949,
-0.000143541,8.79247e-05,-0.000143541,8.79247e-05,-4.29006e-05,4.29006e-05,0.522725,0.00065777,
-0.000135273,8.28583e-05,-0.000135273,8.28583e-05,-4.04697e-05,4.04697e-05,0.522776,0.000619906,
-0.000127481,7.8085e-05,-0.000127481,7.8085e-05,-3.81767e-05,3.81767e-05,0.522823,0.000584222,
-0.000120138,7.35857e-05,-0.000120138,7.35857e-05,-3.60139e-05,3.60139e-05,0.522868,0.000550593,
-0.000113218,6.93444e-05,-0.000113218,6.93444e-05,-3.39738e-05,3.39738e-05,0.52291,0.000518902,
-0.000106697,6.53477e-05,-0.000106697,6.53477e-05,-3.20495e-05,3.20495e-05,0.522949,0.000489035,
-0.000100551,6.1582e-05,-0.000100551,6.1582e-05,-3.02343e-05,3.02343e-05,0.522987,0.000460888,
-9.47601e-05,5.80336e-05,-9.47601e-05,5.80336e-05,-2.85222e-05,2.85222e-05,0.523022,0.000434363,
-8.93026e-05,5.46898e-05,-8.93026e-05,5.46898e-05,-2.69072e-05,2.69072e-05,0.523055,0.000409365,
-8.41595e-05,5.15388e-05,-8.41595e-05,5.15388e-05,-2.53839e-05,2.53839e-05,0.523086,0.000385806,
-7.93128e-05,4.85694e-05,-7.93128e-05,4.85694e-05,-2.3947e-05,2.3947e-05,0.523116,0.000363604,
-7.47453e-05,4.57708e-05,-7.47453e-05,4.57708e-05,-2.25916e-05,2.25916e-05,0.523144,0.00034268,
-7.0441e-05,4.31335e-05,-7.0441e-05,4.31335e-05,-2.13131e-05,2.13131e-05,0.52317,0.000322961,
-6.63848e-05,4.06484e-05,-6.63848e-05,4.06484e-05,-2.01071e-05,2.01071e-05,0.523194,0.000304378,
-6.25621e-05,3.83067e-05,-6.25621e-05,3.83067e-05,-1.89695e-05,1.89695e-05,0.523218,0.000286864,
-5.89598e-05,3.60999e-05,-5.89598e-05,3.60999e-05,-1.78964e-05,1.78964e-05,0.52324,0.000270359,
-5.55649e-05,3.40202e-05,-5.55649e-05,3.40202e-05,-1.68843e-05,1.68843e-05,0.52326,0.000254804,
-5.23656e-05,3.20604e-05,-5.23656e-05,3.20604e-05,-1.59295e-05,1.59295e-05,0.52328,0.000240145,
-4.93506e-05,3.02135e-05,-4.93506e-05,3.02135e-05,-1.50288e-05,1.50288e-05,0.523298,0.000226329,
-4.65093e-05,2.8473e-05,-4.65093e-05,2.8473e-05,-1.41792e-05,1.41792e-05,0.523315,0.000213309,
-4.38317e-05,2.68329e-05,-4.38317e-05,2.68329e-05,-1.33778e-05,1.33778e-05,0.523332,0.000201038,
-4.13083e-05,2.52873e-05,-4.13083e-05,2.52873e-05,-1.26218e-05,1.26218e-05,0.523347,0.000189474,
-3.89302e-05,2.38308e-05,-3.89302e-05,2.38308e-05,-1.19087e-05,1.19087e-05,0.523361,0.000178575,
-3.66892e-05,2.24581e-05,-3.66892e-05,2.24581e-05,-1.1236e-05,1.1236e-05,0.523375,0.000168304,
-3.45772e-05,2.11646e-05,-3.45772e-05,2.11646e-05,-1.06014e-05,1.06014e-05,0.523388,0.000158624,
-3.25868e-05,1.99457e-05,-3.25868e-05,1.99457e-05,-1.00027e-05,1.00027e-05,0.5234,0.000149501,
-3.07111e-05,1.87969e-05,-3.07111e-05,1.87969e-05,-9.43804e-06,9.43804e-06,0.523411,0.000140903,
-2.89434e-05,1.77144e-05,-2.89434e-05,1.77144e-05,-8.90532e-06,8.90532e-06,0.523422,0.0001328,
-2.72775e-05,1.66942e-05,-2.72775e-05,1.66942e-05,-8.40279e-06,8.40279e-06,0.523432,0.000125163,
-2.57075e-05,1.57328e-05,-2.57075e-05,1.57328e-05,-7.92871e-06,7.92871e-06,0.523442,0.000117965,
-2.4228e-05,1.48268e-05,-2.4228e-05,1.48268e-05,-7.48149e-06,7.48149e-06,0.523451,0.000111182,
-2.28336e-05,1.3973e-05,-2.28336e-05,1.3973e-05,-7.0596e-06,7.0596e-06,0.523459,0.000104789,
-2.15196e-05,1.31684e-05,-2.15196e-05,1.31684e-05,-6.66159e-06,6.66159e-06,0.523467,9.87644e-05,
-2.02812e-05,1.24101e-05,-2.02812e-05,1.24101e-05,-6.28611e-06,6.28611e-06,0.523475,9.30861e-05,
-1.91141e-05,1.16956e-05,-1.91141e-05,1.16956e-05,-5.93189e-06,5.93189e-06,0.523482,8.77345e-05,
-1.80142e-05,1.10222e-05,-1.80142e-05,1.10222e-05,-5.59772e-06,5.59772e-06,0.523489,8.26909e-05,
-1.69777e-05,1.03875e-05,-1.69777e-05,1.03875e-05,-5.28245e-06,5.28245e-06,0.523495,7.79374e-05,
-1.60008e-05,9.78948e-06,-1.60008e-05,9.78948e-06,-4.98503e-06,4.98503e-06,0.523501,7.34573e-05,
-1.50801e-05,9.22587e-06,-1.50801e-05,9.22587e-06,-4.70443e-06,4.70443e-06,0.523507,6.9235e-05,
-1.42125e-05,8.69473e-06,-1.42125e-05,8.69473e-06,-4.4397e-06,4.4397e-06,0.523512,6.52556e-05,
-1.33948e-05,8.19418e-06,-1.33948e-05,8.19418e-06,-4.18994e-06,4.18994e-06,0.523517,6.15051e-05,
-1.26242e-05,7.72247e-06,-1.26242e-05,7.72247e-06,-3.95431e-06,3.95431e-06,0.523522,5.79703e-05,
-1.1898e-05,7.27792e-06,-1.1898e-05,7.27792e-06,-3.732e-06,3.732e-06,0.523526,5.46389e-05,
-1.12135e-05,6.85897e-06,-1.12135e-05,6.85897e-06,-3.52225e-06,3.52225e-06,0.52353,5.1499e-05,
-1.05685e-05,6.46416e-06,-1.05685e-05,6.46416e-06,-3.32436e-06,3.32436e-06,0.523534,4.85398e-05,
-9.96057e-06,6.09208e-06,-9.96057e-06,6.09208e-06,-3.13765e-06,3.13765e-06,0.523538,4.57507e-05,
-9.38765e-06,5.74143e-06,-9.38765e-06,5.74143e-06,-2.96149e-06,2.96149e-06,0.523541,4.31221e-05,
-8.8477e-06,5.41098e-06,-8.8477e-06,5.41098e-06,-2.79528e-06,2.79528e-06,0.523545,4.06446e-05,
-8.33883e-06,5.09955e-06,-8.33883e-06,5.09955e-06,-2.63845e-06,2.63845e-06,0.523548,3.83095e-05,
-7.85924e-06,4.80606e-06,-7.85924e-06,4.80606e-06,-2.49048e-06,2.49048e-06,0.523551,3.61088e-05,
-7.40726e-06,4.52947e-06,-7.40726e-06,4.52947e-06,-2.35086e-06,2.35086e-06,0.523553,3.40346e-05,
-6.98128e-06,4.26881e-06,-6.98128e-06,4.26881e-06,-2.21913e-06,2.21913e-06,0.523556,3.20796e-05,
-6.57982e-06,4.02316e-06,-6.57982e-06,4.02316e-06,-2.09482e-06,2.09482e-06,0.523559,3.02371e-05,
-6.20147e-06,3.79165e-06,-6.20147e-06,3.79165e-06,-1.97753e-06,1.97753e-06,0.523561,2.85005e-05,
-5.84488e-06,3.57347e-06,-5.84488e-06,3.57347e-06,-1.86685e-06,1.86685e-06,0.523563,2.68637e-05,
-5.50881e-06,3.36785e-06,-5.50881e-06,3.36785e-06,-1.76242e-06,1.76242e-06,0.523565,2.5321e-05,
-5.19208e-06,3.17407e-06,-5.19208e-06,3.17407e-06,-1.66387e-06,1.66387e-06,0.523567,2.3867e-05,
-4.89357e-06,2.99145e-06,-4.89357e-06,2.99145e-06,-1.57087e-06,1.57087e-06,0.523569,2.24966e-05,
-4.61224e-06,2.81934e-06,-4.61224e-06,2.81934e-06,-1.48312e-06,1.48312e-06,0.523571,2.12049e-05,
-4.34709e-06,2.65713e-06,-4.34709e-06,2.65713e-06,-1.40031e-06,1.40031e-06,0.523572,1.99875e-05,
-4.0972e-06,2.50427e-06,-4.0972e-06,2.50427e-06,-1.32216e-06,1.32216e-06,0.523574,1.884e-05,
-3.86168e-06,2.36021e-06,-3.86168e-06,2.36021e-06,-1.24842e-06,1.24842e-06,0.523575,1.77585e-05,
-3.63972e-06,2.22443e-06,-3.63972e-06,2.22443e-06,-1.17882e-06,1.17882e-06,0.523576,1.67392e-05,
-3.43052e-06,2.09648e-06,-3.43052e-06,2.09648e-06,-1.11314e-06,1.11314e-06,0.523578,1.57784e-05,
-3.23335e-06,1.97589e-06,-3.23335e-06,1.97589e-06,-1.05116e-06,1.05116e-06,0.523579,1.48728e-05,
-3.04752e-06,1.86224e-06,-3.04752e-06,1.86224e-06,-9.92656e-07,9.92656e-07,0.52358,1.40193e-05,
-2.87239e-06,1.75513e-06,-2.87239e-06,1.75513e-06,-9.37447e-07,9.37447e-07,0.523581,1.32148e-05,
-2.70732e-06,1.65418e-06,-2.70732e-06,1.65418e-06,-8.8534e-07,8.8534e-07,0.523582,1.24565e-05,
-2.55175e-06,1.55905e-06,-2.55175e-06,1.55905e-06,-8.36162e-07,8.36162e-07,0.523583,1.17418e-05,
-2.40513e-06,1.46939e-06,-2.40513e-06,1.46939e-06,-7.89746e-07,7.89746e-07,0.523584,1.10681e-05,
-2.26693e-06,1.38489e-06,-2.26693e-06,1.38489e-06,-7.45936e-07,7.45936e-07,0.523585,1.04332e-05,
-2.13669e-06,1.30525e-06,-2.13669e-06,1.30525e-06,-7.04586e-07,7.04586e-07,0.523586,9.8347e-06,
-2.01393e-06,1.2302e-06,-2.01393e-06,1.2302e-06,-6.65557e-07,6.65557e-07,0.523586,9.27059e-06,
-1.89823e-06,1.15946e-06,-1.89823e-06,1.15946e-06,-6.28716e-07,6.28716e-07,0.523587,8.73888e-06,
-1.78919e-06,1.09279e-06,-1.78919e-06,1.09279e-06,-5.93942e-07,5.93942e-07,0.523588,8.2377e-06,
-1.68641e-06,1.02996e-06,-1.68641e-06,1.02996e-06,-5.61117e-07,5.61117e-07,0.523588,7.76531e-06,
-1.58955e-06,9.7075e-07,-1.58955e-06,9.7075e-07,-5.30132e-07,5.30132e-07,0.523589,7.32004e-06,
-1.49825e-06,9.14941e-07,-1.49825e-06,9.14941e-07,-5.00883e-07,5.00883e-07,0.52359,6.90033e-06,
-1.4122e-06,8.62344e-07,-1.4122e-06,8.62344e-07,-4.73271e-07,4.73271e-07,0.52359,6.50473e-06,
-1.3311e-06,8.12773e-07,-1.3311e-06,8.12773e-07,-4.47205e-07,4.47205e-07,0.523591,6.13184e-06,
-1.25466e-06,7.66053e-07,-1.25466e-06,7.66053e-07,-4.22597e-07,4.22597e-07,0.523591,5.78035e-06,
-1.18261e-06,7.22021e-07,-1.18261e-06,7.22021e-07,-3.99366e-07,3.99366e-07,0.523591,5.44905e-06,
-1.1147e-06,6.80521e-07,-1.1147e-06,6.80521e-07,-3.77434e-07,3.77434e-07,0.523592,5.13676e-06,
-1.0507e-06,6.41409e-07,-1.0507e-06,6.41409e-07,-3.56727e-07,3.56727e-07,0.523592,4.84239e-06,
-9.90377e-07,6.04547e-07,-9.90377e-07,6.04547e-07,-3.37177e-07,3.37177e-07,0.523593,4.56492e-06,
-9.3352e-07,5.69804e-07,-9.3352e-07,5.69804e-07,-3.18719e-07,3.18719e-07,0.523593,4.30337e-06,
-8.79929e-07,5.3706e-07,-8.79929e-07,5.3706e-07,-3.01291e-07,3.01291e-07,0.523593,4.05683e-06,
-8.29419e-07,5.06199e-07,-8.29419e-07,5.06199e-07,-2.84835e-07,2.84835e-07,0.523594,3.82444e-06,
-7.8181e-07,4.77113e-07,-7.8181e-07,4.77113e-07,-2.69297e-07,2.69297e-07,0.523594,3.60539e-06,
-7.36938e-07,4.49699e-07,-7.36938e-07,4.49699e-07,-2.54624e-07,2.54624e-07,0.523594,3.3989e-06,
-6.94643e-07,4.23862e-07,-6.94643e-07,4.23862e-07,-2.4077e-07,2.4077e-07,0.523594,3.20426e-06,
-6.54778e-07,3.99511e-07,-6.54778e-07,3.99511e-07,-2.27686e-07,2.27686e-07,0.523595,3.02078e-06,
-6.17204e-07,3.7656e-07,-6.17204e-07,3.7656e-07,-2.15331e-07,2.15331e-07,0.523595,2.84783e-06,
-5.81788e-07,3.54928e-07,-5.81788e-07,3.54928e-07,-2.03663e-07,2.03663e-07,0.523595,2.68479e-06,
-5.48406e-07,3.34541e-07,-5.48406e-07,3.34541e-07,-1.92644e-07,1.92644e-07,0.523595,2.53111e-06,
-5.16942e-07,3.15325e-07,-5.16942e-07,3.15325e-07,-1.82237e-07,1.82237e-07,0.523596,2.38624e-06,
-4.87285e-07,2.97214e-07,-4.87285e-07,2.97214e-07,-1.72408e-07,1.72408e-07,0.523596,2.24968e-06,
-4.59331e-07,2.80144e-07,-4.59331e-07,2.80144e-07,-1.63125e-07,1.63125e-07,0.523596,2.12095e-06,
-4.32983e-07,2.64056e-07,-4.32983e-07,2.64056e-07,-1.54356e-07,1.54356e-07,0.523596,1.9996e-06,
-4.08148e-07,2.48892e-07,-4.08148e-07,2.48892e-07,-1.46074e-07,1.46074e-07,0.523596,1.8852e-06,
-3.84739e-07,2.346e-07,-3.84739e-07,2.346e-07,-1.38251e-07,1.38251e-07,0.523596,1.77737e-06,
-3.62674e-07,2.21129e-07,-3.62674e-07,2.21129e-07,-1.30861e-07,1.30861e-07,0.523597,1.67571e-06,
-3.41876e-07,2.08433e-07,-3.41876e-07,2.08433e-07,-1.2388e-07,1.2388e-07,0.523597,1.57988e-06,
-3.22272e-07,1.96466e-07,-3.22272e-07,1.96466e-07,-1.17286e-07,1.17286e-07,0.523597,1.48954e-06,
-3.03793e-07,1.85188e-07,-3.03793e-07,1.85188e-07,-1.11055e-07,1.11055e-07,0.523597,1.40438e-06,
-2.86376e-07,1.74557e-07,-2.86376e-07,1.74557e-07,-1.05169e-07,1.05169e-07,0.523597,1.3241e-06,
-2.69958e-07,1.64537e-07,-2.69958e-07,1.64537e-07,-9.96084e-08,9.96084e-08,0.523597,1.24842e-06,
-2.54482e-07,1.55093e-07,-2.54482e-07,1.55093e-07,-9.43542e-08,9.43542e-08,0.523597,1.17707e-06,
-2.39895e-07,1.46192e-07,-2.39895e-07,1.46192e-07,-8.93897e-08,8.93897e-08,0.523597,1.10981e-06,
-2.26145e-07,1.37802e-07,-2.26145e-07,1.37802e-07,-8.46988e-08,8.46988e-08,0.523597,1.04641e-06,
-2.13184e-07,1.29894e-07,-2.13184e-07,1.29894e-07,-8.02661e-08,8.02661e-08,0.523597,9.86632e-07,
-2.00967e-07,1.2244e-07,-2.00967e-07,1.2244e-07,-7.60774e-08,7.60774e-08,0.523598,9.30279e-07,
-1.89451e-07,1.15415e-07,-1.89451e-07,1.15415e-07,-7.21189e-08,7.21189e-08,0.523598,8.77153e-07,
-1.78595e-07,1.08793e-07,-1.78595e-07,1.08793e-07,-6.83779e-08,6.83779e-08,0.523598,8.27068e-07,
-1.68362e-07,1.02552e-07,-1.68362e-07,1.02552e-07,-6.48423e-08,6.48423e-08,0.523598,7.79851e-07,
-1.58717e-07,9.66689e-08,-1.58717e-07,9.66689e-08,-6.15006e-08,6.15006e-08,0.523598,7.35337e-07,
-1.49624e-07,9.1124e-08,-1.49624e-07,9.1124e-08,-5.8342e-08,5.8342e-08,0.523598,6.9337e-07,
-1.41053e-07,8.58976e-08,-1.41053e-07,8.58976e-08,-5.53564e-08,5.53564e-08,0.523598,6.53805e-07,
-1.32974e-07,8.09715e-08,-1.32974e-07,8.09715e-08,-5.25342e-08,5.25342e-08,0.523598,6.16504e-07,
-1.25358e-07,7.63282e-08,-1.25358e-07,7.63282e-08,-4.98662e-08,4.98662e-08,0.523598,5.81337e-07,
-1.18179e-07,7.19517e-08,-1.18179e-07,7.19517e-08,-4.73439e-08,4.73439e-08,0.523598,5.48182e-07,
-1.11411e-07,6.78265e-08,-1.11411e-07,6.78265e-08,-4.49591e-08,4.49591e-08,0.523598,5.16923e-07,
-1.05031e-07,6.39383e-08,-1.05031e-07,6.39383e-08,-4.27043e-08,4.27043e-08,0.523598,4.87452e-07,
-9.90173e-08,6.02734e-08,-9.90173e-08,6.02734e-08,-4.05722e-08,4.05722e-08,0.523598,4.59667e-07,
-9.3348e-08,5.6819e-08,-9.3348e-08,5.6819e-08,-3.8556e-08,3.8556e-08,0.523598,4.33471e-07,
-8.80035e-08,5.3563e-08,-8.80035e-08,5.3563e-08,-3.66491e-08,3.66491e-08,0.523598,4.08772e-07,
-8.29653e-08,5.04941e-08,-8.29653e-08,5.04941e-08,-3.48457e-08,3.48457e-08,0.523598,3.85486e-07,
-7.82157e-08,4.76015e-08,-7.82157e-08,4.76015e-08,-3.31397e-08,3.31397e-08,0.523598,3.63531e-07,
-7.37382e-08,4.4875e-08,-7.37382e-08,4.4875e-08,-3.15259e-08,3.15259e-08,0.523598,3.4283e-07,
-6.95171e-08,4.23052e-08,-6.95171e-08,4.23052e-08,-2.99991e-08,2.99991e-08,0.523598,3.23313e-07,
-6.55377e-08,3.9883e-08,-6.55377e-08,3.9883e-08,-2.85543e-08,2.85543e-08,0.523598,3.04911e-07,
-6.17862e-08,3.76e-08,-6.17862e-08,3.76e-08,-2.7187e-08,2.7187e-08,0.523598,2.87561e-07,
-5.82493e-08,3.54483e-08,-5.82493e-08,3.54483e-08,-2.58929e-08,2.58929e-08,0.523598,2.71202e-07,
-5.49148e-08,3.34202e-08,-5.49148e-08,3.34202e-08,-2.46677e-08,2.46677e-08,0.523598,2.55778e-07,
-5.1771e-08,3.15088e-08,-5.1771e-08,3.15088e-08,-2.35075e-08,2.35075e-08,0.523598,2.41236e-07,
-4.8807e-08,2.97072e-08,-4.8807e-08,2.97072e-08,-2.24087e-08,2.24087e-08,0.523598,2.27524e-07,
-4.60124e-08,2.80093e-08,-4.60124e-08,2.80093e-08,-2.13677e-08,2.13677e-08,0.523598,2.14596e-07,
-4.33775e-08,2.64091e-08,-4.33775e-08,2.64091e-08,-2.03812e-08,2.03812e-08,0.523598,2.02406e-07,
-4.08931e-08,2.4901e-08,-4.08931e-08,2.4901e-08,-1.9446e-08,1.9446e-08,0.523599,1.90913e-07,
-3.85505e-08,2.34798e-08,-3.85505e-08,2.34798e-08,-1.8559e-08,1.8559e-08,0.523599,1.80077e-07,
-3.63416e-08,2.21403e-08,-3.63416e-08,2.21403e-08,-1.77175e-08,1.77175e-08,0.523599,1.6986e-07,
-3.42586e-08,2.08781e-08,-3.42586e-08,2.08781e-08,-1.69186e-08,1.69186e-08,0.523599,1.60227e-07,
-3.22944e-08,1.96885e-08,-3.22944e-08,1.96885e-08,-1.61598e-08,1.61598e-08,0.523599,1.51145e-07,
-3.0442e-08,1.85675e-08,-3.0442e-08,1.85675e-08,-1.54385e-08,1.54385e-08,0.523599,1.42582e-07,
-2.8695e-08,1.75111e-08,-2.8695e-08,1.75111e-08,-1.47525e-08,1.47525e-08,0.523599,1.34509e-07,
-2.70474e-08,1.65156e-08,-2.70474e-08,1.65156e-08,-1.40995e-08,1.40995e-08,0.523599,1.26899e-07,
-2.54934e-08,1.55774e-08,-2.54934e-08,1.55774e-08,-1.34772e-08,1.34772e-08,0.523599,1.19724e-07,
-2.40276e-08,1.46932e-08,-2.40276e-08,1.46932e-08,-1.28837e-08,1.28837e-08,0.523599,1.1296e-07,
-2.2645e-08,1.38599e-08,-2.2645e-08,1.38599e-08,-1.23169e-08,1.23169e-08,0.523599,1.06585e-07,
-2.13407e-08,1.30744e-08,-2.13407e-08,1.30744e-08,-1.1775e-08,1.1775e-08,0.523599,1.00575e-07,
-2.01103e-08,1.2334e-08,-2.01103e-08,1.2334e-08,-1.12562e-08,1.12562e-08,0.523599,9.49103e-08,
-1.89496e-08,1.16358e-08,-1.89496e-08,1.16358e-08,-1.07587e-08,1.07587e-08,0.523599,8.95715e-08,
-1.78546e-08,1.09774e-08,-1.78546e-08,1.09774e-08,-1.0281e-08,1.0281e-08,0.523599,8.454e-08,
-1.68216e-08,1.03562e-08,-1.68216e-08,1.03562e-08,-9.82149e-09,9.82149e-09,0.523599,7.97986e-08,
-1.5847e-08,9.77004e-09,-1.5847e-08,9.77004e-09,-9.37872e-09,9.37872e-09,0.523599,7.53308e-08,
-1.49276e-08,9.21658e-09,-1.49276e-08,9.21658e-09,-8.95131e-09,8.95131e-09,0.523599,7.11213e-08,
-1.40603e-08,8.69374e-09,-1.40603e-08,8.69374e-09,-8.538e-09,8.538e-09,0.523599,6.71555e-08,
-1.32423e-08,8.19947e-09,-1.32423e-08,8.19947e-09,-8.13761e-09,8.13761e-09,0.523599,6.34196e-08,
-1.24709e-08,7.73186e-09,-1.24709e-08,7.73186e-09,-7.74906e-09,7.74906e-09,0.523599,5.99006e-08,
-1.17436e-08,7.28908e-09,-1.17436e-08,7.28908e-09,-7.37138e-09,7.37138e-09,0.523599,5.65862e-08,
-1.10581e-08,6.86939e-09,-1.10581e-08,6.86939e-09,-7.00373e-09,7.00373e-09,0.523599,5.34649e-08,
-1.04123e-08,6.47116e-09,-1.04123e-08,6.47116e-09,-6.64539e-09,6.64539e-09,0.523599,5.05254e-08,
-9.8041e-09,6.09287e-09,-9.8041e-09,6.09287e-09,-6.29574e-09,6.29574e-09,0.523599,4.77574e-08,
-9.2317e-09,5.73312e-09,-9.2317e-09,5.73312e-09,-5.95435e-09,5.95435e-09,0.523599,4.51509e-08,
-8.69335e-09,5.39062e-09,-8.69335e-09,5.39062e-09,-5.62087e-09,5.62087e-09,0.523599,4.26965e-08,
-8.18745e-09,5.06425e-09,-8.18745e-09,5.06425e-09,-5.29515e-09,5.29515e-09,0.523599,4.0385e-08,
-7.71249e-09,4.75301e-09,-7.71249e-09,4.75301e-09,-4.97716e-09,4.97716e-09,0.523599,3.82079e-08,
-7.26703e-09,4.45607e-09,-7.26703e-09,4.45607e-09,-4.667e-09,4.667e-09,0.523599,3.61571e-08,
-6.84972e-09,4.17278e-09,-6.84972e-09,4.17278e-09,-4.36493e-09,4.36493e-09,0.523599,3.42246e-08,
-6.45926e-09,3.90266e-09,-6.45926e-09,3.90266e-09,-4.07133e-09,4.07133e-09,0.523599,3.2403e-08,
-6.09438e-09,3.64541e-09,-6.09438e-09,3.64541e-09,-3.78669e-09,3.78669e-09,0.523599,3.06851e-08,
-5.75383e-09,3.4009e-09,-5.75383e-09,3.4009e-09,-3.51161e-09,3.51161e-09,0.523599,2.90642e-08,
-5.43636e-09,3.16916e-09,-5.43636e-09,3.16916e-09,-3.24673e-09,3.24673e-09,0.523599,2.75337e-08,
-5.1407e-09,2.9504e-09,-5.1407e-09,2.9504e-09,-2.99277e-09,2.99277e-09,0.523599,2.60876e-08,
-4.86558e-09,2.74488e-09,-4.86558e-09,2.74488e-09,-2.75044e-09,2.75044e-09,0.523599,2.47201e-08,
-4.60967e-09,2.55296e-09,-4.60967e-09,2.55296e-09,-2.52043e-09,2.52043e-09,0.523599,2.34256e-08,
-4.37161e-09,2.37505e-09,-4.37161e-09,2.37505e-09,-2.30338e-09,2.30338e-09,0.523599,2.2199e-08,
-4.15002e-09,2.21146e-09,-4.15002e-09,2.21146e-09,-2.09981e-09,2.09981e-09,0.523599,2.10357e-08,
-3.94347e-09,2.06246e-09,-3.94347e-09,2.06246e-09,-1.91015e-09,1.91015e-09,0.523599,1.99313e-08,
-3.75053e-09,1.92813e-09,-3.75053e-09,1.92813e-09,-1.73463e-09,1.73463e-09,0.523599,1.88819e-08,
-3.56978e-09,1.8083e-09,-3.56978e-09,1.8083e-09,-1.57334e-09,1.57334e-09,0.523599,1.78838e-08,
-3.39983e-09,1.70258e-09,-3.39983e-09,1.70258e-09,-1.42616e-09,1.42616e-09,0.523599,1.69338e-08,
-3.23934e-09,1.61026e-09,-3.23934e-09,1.61026e-09,-1.29275e-09,1.29275e-09,0.523599,1.60292e-08,
-3.08707e-09,1.53029e-09,-3.08707e-09,1.53029e-09,-1.17261e-09,1.17261e-09,0.523599,1.51675e-08,
-2.9419e-09,1.46134e-09,-2.9419e-09,1.46134e-09,-1.06503e-09,1.06503e-09,0.523599,1.43466e-08,
-2.80285e-09,1.40184e-09,-2.80285e-09,1.40184e-09,-9.69164e-10,9.69164e-10,0.523599,1.35645e-08,
-2.66912e-09,1.35e-09,-2.66912e-09,1.35e-09,-8.84055e-10,8.84055e-10,0.523599,1.28198e-08,
-2.54009e-09,1.30393e-09,-2.54009e-09,1.30393e-09,-8.08654e-10,8.08654e-10,0.523599,1.21111e-08,
-2.4153e-09,1.2618e-09,-2.4153e-09,1.2618e-09,-7.41885e-10,7.41885e-10,0.523599,1.1437e-08,
-2.29449e-09,1.22185e-09,-2.29449e-09,1.22185e-09,-6.82683e-10,6.82683e-10,0.523599,1.07965e-08,
-0.080206,-1.2214,-0.080206,-1.2214,-0.0501143,0.0501143,0.524635,0.0095304,
-0.221905,-1.55973,-0.221905,-1.55973,-0.112164,0.112164,0.524782,-0.0264559,
-0.295699,-0.359964,-0.295699,-0.359964,-0.148621,0.148621,0.519269,-0.117858,
-0.300461,0.103748,-0.300461,0.103748,-0.149642,0.149642,0.506427,-0.207331,
-0.292154,0.0756933,-0.292154,0.0756933,-0.127071,0.127071,0.486922,-0.287861,
-0.289232,0.00743374,-0.289232,0.00743374,-0.0958423,0.0958423,0.461205,-0.366021,
-0.289506,-0.0078146,-0.289506,-0.0078146,-0.0606638,0.0606638,0.429327,-0.444511,
-0.267872,0.333283,-0.267872,0.333283,-0.0187647,0.0187647,0.390974,-0.525857,
-0.211268,0.698774,-0.211268,0.698774,0.0261809,-0.0261809,0.346444,-0.596671,
-0.135056,0.818395,-0.135056,0.818395,0.0646789,-0.0646789,0.297167,-0.645035,
-0.0512163,0.87598,-0.0512163,0.87598,0.0927348,-0.0927348,0.244955,-0.670473,
0.0403166,0.96493,0.0403166,0.96493,0.111808,-0.111808,0.191611,-0.672564,
0.130987,0.908241,0.130987,0.908241,0.120701,-0.120701,0.139202,-0.647461,
0.198044,0.576412,0.198044,0.576412,0.114012,-0.114012,0.0899627,-0.596413,
0.224675,0.123274,0.224675,0.123274,0.0898456,-0.0898456,0.0455455,-0.530841,
0.222271,-0.0969715,0.222271,-0.0969715,0.0582889,-0.0582889,0.00635766,-0.466203,
0.208742,-0.158546,0.208742,-0.158546,0.0300962,-0.0300962,-0.0279149,-0.406635,
0.181112,-0.343119,0.181112,-0.343119,0.0062429,-0.0062429,-0.0575457,-0.350745,
0.135811,-0.521826,0.135811,-0.521826,-0.0130929,0.0130929,-0.0830852,-0.304997,
0.0887171,-0.461631,0.0887171,-0.461631,-0.0227713,0.0227713,-0.105715,-0.275894,
0.0552161,-0.284107,0.0552161,-0.284107,-0.0208335,0.0208335,-0.126654,-0.259669,
0.0337743,-0.187398,0.0337743,-0.187398,-0.0120932,0.0120932,-0.146598,-0.249435,
0.0201785,-0.115274,0.0201785,-0.115274,-0.00120757,0.00120757,-0.165939,-0.243436,
0.0168443,0.00567506,0.0168443,0.00567506,0.00999883,-0.00999883,-0.184989,-0.240459,
0.022409,0.0819613,0.022409,0.0819613,0.0188532,-0.0188532,-0.203797,-0.236336,
0.0296929,0.0707866,0.0296929,0.0707866,0.0225845,-0.0225845,-0.222144,-0.228947,
0.0354571,0.0531151,0.0354571,0.0531151,0.0216736,-0.0216736,-0.239826,-0.21968,
0.0404658,0.0502637,0.0404658,0.0502637,0.0182911,-0.0182911,-0.256731,-0.209225,
0.0435783,0.0227839,0.0435783,0.0227839,0.0137571,-0.0137571,-0.27274,-0.197284,
0.043763,-0.00834422,0.043763,-0.00834422,0.00937959,-0.00937959,-0.287774,-0.184872,
0.0426384,-0.0130386,0.0426384,-0.0130386,0.00662884,-0.00662884,-0.301854,-0.173062,
0.0411973,-0.0155618,0.0411973,-0.0155618,0.00565988,-0.00565988,-0.315019,-0.161647,
0.0389036,-0.027308,0.0389036,-0.027308,0.00569502,-0.00569502,-0.327293,-0.150586,
0.036012,-0.0306619,0.036012,-0.0306619,0.00620724,-0.00620724,-0.338729,-0.140368,
0.0330397,-0.0302473,0.0330397,-0.0302473,0.00669928,-0.00669928,-0.349394,-0.131003,
0.0297347,-0.0355178,0.0297347,-0.0355178,0.00667101,-0.00667101,-0.359349,-0.12239,
0.0262311,-0.0359623,0.0262311,-0.0359623,0.00618226,-0.00618226,-0.368665,-0.114781,
0.0231456,-0.029376,0.0231456,-0.029376,0.00557582,-0.00557582,-0.377425,-0.108186,
0.0206587,-0.0234864,0.0206587,-0.0234864,0.00503067,-0.00503067,-0.385699,-0.102335,
0.0188268,-0.0163958,0.0188268,-0.0163958,0.00469853,-0.00469853,-0.393539,-0.097089,
0.0177903,-0.00775519,0.0177903,-0.00775519,0.00464519,-0.00464519,-0.400987,-0.0922567,
0.017334,-0.00315049,0.017334,-0.00315049,0.00470439,-0.00470439,-0.408062,-0.0875563,
0.0171057,-0.00193433,0.0171057,-0.00193433,0.0047033,-0.0047033,-0.414769,-0.0828902,
0.0169104,-0.00202705,0.0169104,-0.00202705,0.00457184,-0.00457184,-0.421111,-0.0782596,
0.0165487,-0.00451512,0.0165487,-0.00451512,0.00427376,-0.00427376,-0.427087,-0.0736654,
0.0159033,-0.00761759,0.0159033,-0.00761759,0.00386452,-0.00386452,-0.432706,-0.0692,
0.0150431,-0.00936884,0.0150431,-0.00936884,0.00346324,-0.00346324,-0.437981,-0.0649643,
0.0140535,-0.0104824,0.0140535,-0.0104824,0.00313871,-0.00313871,-0.442933,-0.0609921,
0.0130157,-0.01067,0.0130157,-0.01067,0.00291753,-0.00291753,-0.447584,-0.0573117,
0.0120331,-0.00973938,0.0120331,-0.00973938,0.00279205,-0.00279205,-0.451957,-0.0539243,
0.0111475,-0.00871645,0.0111475,-0.00871645,0.00270921,-0.00270921,-0.456074,-0.0507916,
0.0103649,-0.00764904,0.0103649,-0.00764904,0.00262314,-0.00262314,-0.459953,-0.0478855,
0.00969332,-0.0064815,0.00969332,-0.0064815,0.00251518,-0.00251518,-0.463613,-0.0451781,
0.00911558,-0.00562413,0.00911558,-0.00562413,0.00238077,-0.00238077,-0.467066,-0.0426349,
0.0086126,-0.00490545,0.0086126,-0.00490545,0.00223547,-0.00223547,-0.470325,-0.0402363,
0.00817278,-0.00429554,0.00817278,-0.00429554,0.00209819,-0.00209819,-0.4734,-0.037964,
0.00777284,-0.00398685,0.00777284,-0.00398685,0.0019749,-0.0019749,-0.476301,-0.0358009,
0.00739283,-0.0038347,0.00739283,-0.0038347,0.00186585,-0.00186585,-0.479036,-0.0337414,
0.00701894,-0.00381584,0.00701894,-0.00381584,0.00176536,-0.00176536,-0.481613,-0.0317821,
0.00663932,-0.00391231,0.00663932,-0.00391231,0.00166634,-0.00166634,-0.48404,-0.0299235,
0.00625443,-0.00394549,0.00625443,-0.00394549,0.00156832,-0.00156832,-0.486324,-0.02817,
0.00587209,-0.00389035,0.00587209,-0.00389035,0.00147368,-0.00147368,-0.488475,-0.0265223,
0.0055019,-0.00373216,0.0055019,-0.00373216,0.00138576,-0.00138576,-0.4905,-0.0249786,
0.00515496,-0.00345579,0.00515496,-0.00345579,0.00130741,-0.00130741,-0.492407,-0.0235345,
0.00483711,-0.00314796,0.00483711,-0.00314796,0.00123751,-0.00123751,-0.494205,-0.0221811,
0.0045489,-0.00284754,0.0045489,-0.00284754,0.00117325,-0.00117325,-0.495899,-0.02091,
0.00428768,-0.00258352,0.00428768,-0.00258352,0.00111178,-0.00111178,-0.497497,-0.0197128,
0.00404786,-0.00238693,0.00404786,-0.00238693,0.00105107,-0.00105107,-0.499003,-0.0185827,
0.00382423,-0.00223654,0.00382423,-0.00223654,0.000991306,-0.000991306,-0.500422,-0.0175147,
0.00361289,-0.00212317,0.00361289,-0.00212317,0.000933653,-0.000933653,-0.50176,-0.0165053,
0.00341105,-0.0020341,0.00341105,-0.0020341,0.000879247,-0.000879247,-0.503021,-0.0155517,
0.00321762,-0.00194946,0.00321762,-0.00194946,0.000828782,-0.000828782,-0.504208,-0.0146517,
0.00303226,-0.00186812,0.00303226,-0.00186812,0.000781956,-0.000781956,-0.505327,-0.0138033,
0.00285517,-0.0017819,0.00285517,-0.0017819,0.000738144,-0.000738144,-0.506381,-0.0130042,
0.00268703,-0.00168794,0.00268703,-0.00168794,0.000696793,-0.000696793,-0.507374,-0.0122521,
0.00252838,-0.0015894,0.00252838,-0.0015894,0.000657569,-0.000657569,-0.50831,-0.0115446,
0.00237967,-0.00148624,0.00237967,-0.00148624,0.000620486,-0.000620486,-0.509192,-0.0108789,
0.00224091,-0.0013854,0.00224091,-0.0013854,0.000585552,-0.000585552,-0.510023,-0.0102523,
0.00211154,-0.00129161,0.00211154,-0.00129161,0.000552684,-0.000552684,-0.510806,-0.00966197,
0.0019907,-0.0012077,0.0019907,-0.0012077,0.000521694,-0.000521694,-0.511544,-0.00910552,
0.00187728,-0.00113573,0.00187728,-0.00113573,0.000492332,-0.000492332,-0.512239,-0.00858072,
0.00177031,-0.00107292,0.00177031,-0.00107292,0.000464458,-0.000464458,-0.512895,-0.00808573,
0.00166904,-0.00101679,0.00166904,-0.00101679,0.000438027,-0.000438027,-0.513512,-0.00761895,
0.00157302,-0.000964225,0.00157302,-0.000964225,0.000413058,-0.000413058,-0.514094,-0.00717894,
0.00148207,-0.000912863,0.00148207,-0.000912863,0.000389569,-0.000389569,-0.514643,-0.00676434,
0.00139609,-0.000862356,0.00139609,-0.000862356,0.0003675,-0.0003675,-0.515159,-0.00637378,
0.001315,-0.000812508,0.001315,-0.000812508,0.000346745,-0.000346745,-0.515646,-0.00600592,
0.00123869,-0.000764205,0.00123869,-0.000764205,0.000327176,-0.000327176,-0.516105,-0.00565944,
0.00116696,-0.000718102,0.00116696,-0.000718102,0.000308686,-0.000308686,-0.516537,-0.00533306,
0.00109957,-0.000674678,0.00109957,-0.000674678,0.000291208,-0.000291208,-0.516944,-0.00502554,
0.00103621,-0.000634376,0.00103621,-0.000634376,0.000274696,-0.000274696,-0.517328,-0.00473575,
0.000976602,-0.000597118,0.000976602,-0.000597118,0.000259112,-0.000259112,-0.51769,-0.00446264,
0.000920442,-0.000562812,0.000920442,-0.000562812,0.00024441,-0.00024441,-0.518031,-0.00420521,
0.000867474,-0.000531019,0.000867474,-0.000531019,0.000230538,-0.000230538,-0.518352,-0.00396259,
0.000817482,-0.000501255,0.000817482,-0.000501255,0.000217448,-0.000217448,-0.518655,-0.00373393,
0.000770296,-0.000473095,0.000770296,-0.000473095,0.000205095,-0.000205095,-0.51894,-0.00351846,
0.000725783,-0.000446197,0.000725783,-0.000446197,0.000193443,-0.000193443,-0.519209,-0.00331544,
0.000683822,-0.000420486,0.000683822,-0.000420486,0.000182458,-0.000182458,-0.519462,-0.00312416,
0.000644299,-0.000395969,0.000644299,-0.000395969,0.000172101,-0.000172101,-0.5197,-0.00294394,
0.000607088,-0.000372761,0.000607088,-0.000372761,0.000162332,-0.000162332,-0.519925,-0.00277413,
0.000572056,-0.000350933,0.000572056,-0.000350933,0.000153115,-0.000153115,-0.520137,-0.00261412,
0.000539069,-0.000330487,0.000539069,-0.000330487,0.000144416,-0.000144416,-0.520337,-0.00246334,
0.000507995,-0.00031137,0.000507995,-0.00031137,0.000136206,-0.000136206,-0.520525,-0.00232125,
0.000478712,-0.000293462,0.000478712,-0.000293462,0.000128459,-0.000128459,-0.520702,-0.00218735,
0.000451108,-0.000276651,0.000451108,-0.000276651,0.000121153,-0.000121153,-0.520869,-0.00206117,
0.000425085,-0.000260812,0.000425085,-0.000260812,0.000114262,-0.000114262,-0.521027,-0.00194226,
0.000400553,-0.000245856,0.000400553,-0.000245856,0.000107763,-0.000107763,-0.521175,-0.00183022,
0.000377432,-0.000231709,0.000377432,-0.000231709,0.000101633,-0.000101633,-0.521315,-0.00172464,
0.000355644,-0.000218327,0.000355644,-0.000218327,9.58505e-05,-9.58505e-05,-0.521447,-0.00162515,
0.000335117,-0.000205683,0.000335117,-0.000205683,9.03967e-05,-9.03967e-05,-0.521571,-0.00153141,
0.000315779,-0.000193757,0.000315779,-0.000193757,8.52526e-05,-8.52526e-05,-0.521688,-0.00144308,
0.000297562,-0.000182533,0.000297562,-0.000182533,8.04005e-05,-8.04005e-05,-0.521798,-0.00135985,
0.000280399,-0.000171981,0.000280399,-0.000171981,7.58236e-05,-7.58236e-05,-0.521902,-0.00128141,
0.000264227,-0.000162061,0.000264227,-0.000162061,7.15063e-05,-7.15063e-05,-0.522,-0.0012075,
0.000248986,-0.000152729,0.000248986,-0.000152729,6.74341e-05,-6.74341e-05,-0.522092,-0.00113785,
0.000234623,-0.000143939,0.000234623,-0.000143939,6.35933e-05,-6.35933e-05,-0.522179,-0.00107222,
0.000221086,-0.000135651,0.000221086,-0.000135651,5.99709e-05,-5.99709e-05,-0.522261,-0.00101037,
0.00020833,-0.000127832,0.00020833,-0.000127832,5.65547e-05,-5.65547e-05,-0.522338,-0.000952092,
0.000196309,-0.000120455,0.000196309,-0.000120455,5.33328e-05,-5.33328e-05,-0.522411,-0.000897177,
0.000184983,-0.000113498,0.000184983,-0.000113498,5.02941e-05,-5.02941e-05,-0.522479,-0.00084543,
0.00017431,-0.000106941,0.00017431,-0.000106941,4.74282e-05,-4.74282e-05,-0.522544,-0.000796668,
0.000164255,-0.000100763,0.000164255,-0.000100763,4.47252e-05,-4.47252e-05,-0.522604,-0.000750719,
0.00015478,-9.49458e-05,0.00015478,-9.49458e-05,4.2176e-05,-4.2176e-05,-0.522662,-0.000707421,
0.000145851,-8.9468e-05,0.000145851,-8.9468e-05,3.97718e-05,-3.97718e-05,-0.522716,-0.000666619,
0.000137438,-8.4309e-05,0.000137438,-8.4309e-05,3.75045e-05,-3.75045e-05,-0.522767,-0.000628172,
0.00012951,-7.94485e-05,0.00012951,-7.94485e-05,3.53661e-05,-3.53661e-05,-0.522815,-0.000591942,
0.000122039,-7.48677e-05,0.000122039,-7.48677e-05,3.33495e-05,-3.33495e-05,-0.52286,-0.000557801,
0.000114998,-7.05495e-05,0.000114998,-7.05495e-05,3.14478e-05,-3.14478e-05,-0.522903,-0.00052563,
0.000108364,-6.64788e-05,0.000108364,-6.64788e-05,2.96543e-05,-2.96543e-05,-0.522943,-0.000495315,
0.000102113,-6.26421e-05,0.000102113,-6.26421e-05,2.7963e-05,-2.7963e-05,-0.522981,-0.000466749,
9.62226e-05,-5.90265e-05,9.62226e-05,-5.90265e-05,2.6368e-05,-2.6368e-05,-0.523016,-0.00043983,
9.06721e-05,-5.562e-05,9.06721e-05,-5.562e-05,2.48638e-05,-2.48638e-05,-0.52305,-0.000414464,
8.54418e-05,-5.24107e-05,8.54418e-05,-5.24107e-05,2.34453e-05,-2.34453e-05,-0.523081,-0.000390561,
8.05134e-05,-4.93873e-05,8.05134e-05,-4.93873e-05,2.21076e-05,-2.21076e-05,-0.523111,-0.000368037,
7.58692e-05,-4.65386e-05,7.58692e-05,-4.65386e-05,2.08462e-05,-2.08462e-05,-0.523139,-0.000346812,
7.14929e-05,-4.38544e-05,7.14929e-05,-4.38544e-05,1.96566e-05,-1.96566e-05,-0.523166,-0.000326811,
6.7369e-05,-4.13248e-05,6.7369e-05,-4.13248e-05,1.85348e-05,-1.85348e-05,-0.523191,-0.000307964,
6.3483e-05,-3.89409e-05,6.3483e-05,-3.89409e-05,1.7477e-05,-1.7477e-05,-0.523214,-0.000290204,
5.98211e-05,-3.66943e-05,5.98211e-05,-3.66943e-05,1.64795e-05,-1.64795e-05,-0.523237,-0.000273468,
5.63706e-05,-3.45772e-05,5.63706e-05,-3.45772e-05,1.55389e-05,-1.55389e-05,-0.523257,-0.000257698,
5.31191e-05,-3.25822e-05,5.31191e-05,-3.25822e-05,1.46518e-05,-1.46518e-05,-0.523277,-0.000242837,
5.00552e-05,-3.07025e-05,5.00552e-05,-3.07025e-05,1.38154e-05,-1.38154e-05,-0.523296,-0.000228833,
4.71681e-05,-2.89313e-05,4.71681e-05,-2.89313e-05,1.30267e-05,-1.30267e-05,-0.523313,-0.000215637,
4.44475e-05,-2.72624e-05,4.44475e-05,-2.72624e-05,1.22829e-05,-1.22829e-05,-0.52333,-0.000203202,
4.18839e-05,-2.56899e-05,4.18839e-05,-2.56899e-05,1.15816e-05,-1.15816e-05,-0.523345,-0.000191484,
3.94681e-05,-2.4208e-05,3.94681e-05,-2.4208e-05,1.09202e-05,-1.09202e-05,-0.52336,-0.000180442,
3.71917e-05,-2.28116e-05,3.71917e-05,-2.28116e-05,1.02966e-05,-1.02966e-05,-0.523374,-0.000170037,
3.50466e-05,-2.14957e-05,3.50466e-05,-2.14957e-05,9.7086e-06,-9.7086e-06,-0.523387,-0.000160231,
3.30252e-05,-2.02557e-05,3.30252e-05,-2.02557e-05,9.15413e-06,-9.15413e-06,-0.523399,-0.000150992,
3.11205e-05,-1.90872e-05,3.11205e-05,-1.90872e-05,8.63129e-06,-8.63129e-06,-0.52341,-0.000142285,
2.93256e-05,-1.79862e-05,2.93256e-05,-1.79862e-05,8.13829e-06,-8.13829e-06,-0.523421,-0.00013408,
2.76342e-05,-1.69486e-05,2.76342e-05,-1.69486e-05,7.67343e-06,-7.67343e-06,-0.523431,-0.000126349,
2.60405e-05,-1.5971e-05,2.60405e-05,-1.5971e-05,7.23509e-06,-7.23509e-06,-0.523441,-0.000119063,
2.45386e-05,-1.50498e-05,2.45386e-05,-1.50498e-05,6.82178e-06,-6.82178e-06,-0.52345,-0.000112198,
2.31234e-05,-1.41817e-05,2.31234e-05,-1.41817e-05,6.43206e-06,-6.43206e-06,-0.523459,-0.000105729,
2.17898e-05,-1.33637e-05,2.17898e-05,-1.33637e-05,6.06458e-06,-6.06458e-06,-0.523467,-9.96322e-05,
2.05331e-05,-1.25929e-05,2.05331e-05,-1.25929e-05,5.71809e-06,-5.71809e-06,-0.523474,-9.38874e-05,
1.93489e-05,-1.18665e-05,1.93489e-05,-1.18665e-05,5.39137e-06,-5.39137e-06,-0.523482,-8.84739e-05,
1.82331e-05,-1.1182e-05,1.82331e-05,-1.1182e-05,5.08331e-06,-5.08331e-06,-0.523488,-8.33725e-05,
1.71815e-05,-1.05371e-05,1.71815e-05,-1.05371e-05,4.79285e-06,-4.79285e-06,-0.523495,-7.85654e-05,
1.61907e-05,-9.92929e-06,1.61907e-05,-9.92929e-06,4.51896e-06,-4.51896e-06,-0.523501,-7.40354e-05,
1.5257e-05,-9.35659e-06,1.5257e-05,-9.35659e-06,4.26072e-06,-4.26072e-06,-0.523506,-6.97667e-05,
1.43771e-05,-8.81693e-06,1.43771e-05,-8.81693e-06,4.01723e-06,-4.01723e-06,-0.523512,-6.57442e-05,
1.3548e-05,-8.30839e-06,1.3548e-05,-8.30839e-06,3.78764e-06,-3.78764e-06,-0.523517,-6.19536e-05,
1.27667e-05,-7.82919e-06,1.27667e-05,-7.82919e-06,3.57117e-06,-3.57117e-06,-0.523521,-5.83816e-05,
1.20305e-05,-7.37763e-06,1.20305e-05,-7.37763e-06,3.36706e-06,-3.36706e-06,-0.523526,-5.50156e-05,
1.13367e-05,-6.95212e-06,1.13367e-05,-6.95212e-06,3.17461e-06,-3.17461e-06,-0.52353,-5.18436e-05,
1.0683e-05,-6.55115e-06,1.0683e-05,-6.55115e-06,2.99315e-06,-2.99315e-06,-0.523534,-4.88546e-05,
1.00669e-05,-6.17331e-06,1.00669e-05,-6.17331e-06,2.82206e-06,-2.82206e-06,-0.523538,-4.60379e-05,
9.48639e-06,-5.81727e-06,9.48639e-06,-5.81727e-06,2.66075e-06,-2.66075e-06,-0.523541,-4.33837e-05,
8.93936e-06,-5.48176e-06,8.93936e-06,-5.48176e-06,2.50865e-06,-2.50865e-06,-0.523545,-4.08825e-05,
8.42387e-06,-5.16561e-06,8.42387e-06,-5.16561e-06,2.36524e-06,-2.36524e-06,-0.523548,-3.85255e-05,
7.93811e-06,-4.8677e-06,7.93811e-06,-4.8677e-06,2.23003e-06,-2.23003e-06,-0.523551,-3.63045e-05,
7.48037e-06,-4.58696e-06,7.48037e-06,-4.58696e-06,2.10254e-06,-2.10254e-06,-0.523553,-3.42114e-05,
7.04903e-06,-4.32243e-06,7.04903e-06,-4.32243e-06,1.98233e-06,-1.98233e-06,-0.523556,-3.22391e-05,
6.64256e-06,-4.07314e-06,6.64256e-06,-4.07314e-06,1.869e-06,-1.869e-06,-0.523559,-3.03805e-05,
6.25954e-06,-3.83824e-06,6.25954e-06,-3.83824e-06,1.76214e-06,-1.76214e-06,-0.523561,-2.86291e-05,
5.8986e-06,-3.61689e-06,5.8986e-06,-3.61689e-06,1.66139e-06,-1.66139e-06,-0.523563,-2.69787e-05,
5.55848e-06,-3.4083e-06,5.55848e-06,-3.4083e-06,1.5664e-06,-1.5664e-06,-0.523565,-2.54234e-05,
5.23798e-06,-3.21175e-06,5.23798e-06,-3.21175e-06,1.47684e-06,-1.47684e-06,-0.523567,-2.39578e-05,
4.93595e-06,-3.02653e-06,4.93595e-06,-3.02653e-06,1.39239e-06,-1.39239e-06,-0.523569,-2.25767e-05,
4.65135e-06,-2.85199e-06,4.65135e-06,-2.85199e-06,1.31278e-06,-1.31278e-06,-0.523571,-2.12752e-05,
4.38316e-06,-2.68752e-06,4.38316e-06,-2.68752e-06,1.23771e-06,-1.23771e-06,-0.523572,-2.00487e-05,
4.13043e-06,-2.53254e-06,4.13043e-06,-2.53254e-06,1.16694e-06,-1.16694e-06,-0.523574,-1.8893e-05,
3.89228e-06,-2.3865e-06,3.89228e-06,-2.3865e-06,1.10021e-06,-1.10021e-06,-0.523575,-1.78039e-05,
3.66786e-06,-2.24888e-06,3.66786e-06,-2.24888e-06,1.03729e-06,-1.03729e-06,-0.523577,-1.67776e-05,
3.45638e-06,-2.11919e-06,3.45638e-06,-2.11919e-06,9.77974e-07,-9.77974e-07,-0.523578,-1.58105e-05,
3.2571e-06,-1.99699e-06,3.2571e-06,-1.99699e-06,9.22047e-07,-9.22047e-07,-0.523579,-1.48991e-05,
3.06931e-06,-1.88183e-06,3.06931e-06,-1.88183e-06,8.69318e-07,-8.69318e-07,-0.52358,-1.40403e-05,
2.89234e-06,-1.77332e-06,2.89234e-06,-1.77332e-06,8.19603e-07,-8.19603e-07,-0.523581,-1.32309e-05,
2.72559e-06,-1.67106e-06,2.72559e-06,-1.67106e-06,7.72731e-07,-7.72731e-07,-0.523582,-1.24683e-05,
2.56844e-06,-1.5747e-06,2.56844e-06,-1.5747e-06,7.28538e-07,-7.28538e-07,-0.523583,-1.17496e-05,
2.42036e-06,-1.4839e-06,2.42036e-06,-1.4839e-06,6.86873e-07,-6.86873e-07,-0.523584,-1.10723e-05,
2.28082e-06,-1.39833e-06,2.28082e-06,-1.39833e-06,6.47589e-07,-6.47589e-07,-0.523585,-1.04341e-05,
2.14933e-06,-1.3177e-06,2.14933e-06,-1.3177e-06,6.10552e-07,-6.10552e-07,-0.523586,-9.83271e-06,
2.02541e-06,-1.24172e-06,2.02541e-06,-1.24172e-06,5.75633e-07,-5.75633e-07,-0.523586,-9.26596e-06,
1.90864e-06,-1.17012e-06,1.90864e-06,-1.17012e-06,5.42711e-07,-5.42711e-07,-0.523587,-8.73188e-06,
1.79861e-06,-1.10265e-06,1.79861e-06,-1.10265e-06,5.11671e-07,-5.11671e-07,-0.523588,-8.22859e-06,
1.69492e-06,-1.03907e-06,1.69492e-06,-1.03907e-06,4.82406e-07,-4.82406e-07,-0.523588,-7.75432e-06,
1.59721e-06,-9.79163e-07,1.59721e-06,-9.79163e-07,4.54815e-07,-4.54815e-07,-0.523589,-7.30739e-06,
1.50513e-06,-9.22705e-07,1.50513e-06,-9.22705e-07,4.28802e-07,-4.28802e-07,-0.52359,-6.88621e-06,
1.41836e-06,-8.69504e-07,1.41836e-06,-8.69504e-07,4.04276e-07,-4.04276e-07,-0.52359,-6.48932e-06,
1.33659e-06,-8.1937e-07,1.33659e-06,-8.1937e-07,3.81153e-07,-3.81153e-07,-0.523591,-6.11531e-06,
1.25954e-06,-7.72127e-07,1.25954e-06,-7.72127e-07,3.59352e-07,-3.59352e-07,-0.523591,-5.76286e-06,
1.18693e-06,-7.27609e-07,1.18693e-06,-7.27609e-07,3.38798e-07,-3.38798e-07,-0.523592,-5.43072e-06,
1.11851e-06,-6.85658e-07,1.11851e-06,-6.85658e-07,3.1942e-07,-3.1942e-07,-0.523592,-5.11773e-06,
1.05403e-06,-6.46126e-07,1.05403e-06,-6.46126e-07,3.0115e-07,-3.0115e-07,-0.523592,-4.82278e-06,
9.93273e-07,-6.08873e-07,9.93273e-07,-6.08873e-07,2.83925e-07,-2.83925e-07,-0.523593,-4.54484e-06,
9.36016e-07,-5.73769e-07,9.36016e-07,-5.73769e-07,2.67685e-07,-2.67685e-07,-0.523593,-4.28291e-06,
8.8206e-07,-5.40689e-07,8.8206e-07,-5.40689e-07,2.52374e-07,-2.52374e-07,-0.523593,-4.03608e-06,
8.31214e-07,-5.09516e-07,8.31214e-07,-5.09516e-07,2.37938e-07,-2.37938e-07,-0.523594,-3.80348e-06,
7.83301e-07,-4.80141e-07,7.83301e-07,-4.80141e-07,2.24328e-07,-2.24328e-07,-0.523594,-3.58429e-06,
7.38149e-07,-4.5246e-07,7.38149e-07,-4.5246e-07,2.11497e-07,-2.11497e-07,-0.523594,-3.37773e-06,
6.95601e-07,-4.26375e-07,6.95601e-07,-4.26375e-07,1.994e-07,-1.994e-07,-0.523595,-3.18308e-06,
6.55505e-07,-4.01794e-07,6.55505e-07,-4.01794e-07,1.87994e-07,-1.87994e-07,-0.523595,-2.99965e-06,
6.17721e-07,-3.7863e-07,6.17721e-07,-3.7863e-07,1.77241e-07,-1.77241e-07,-0.523595,-2.82679e-06,
5.82116e-07,-3.56802e-07,5.82116e-07,-3.56802e-07,1.67103e-07,-1.67103e-07,-0.523595,-2.66389e-06,
5.48563e-07,-3.36232e-07,5.48563e-07,-3.36232e-07,1.57545e-07,-1.57545e-07,-0.523595,-2.51038e-06,
5.16944e-07,-3.16849e-07,5.16944e-07,-3.16849e-07,1.48534e-07,-1.48534e-07,-0.523596,-2.36572e-06,
4.87148e-07,-2.98583e-07,4.87148e-07,-2.98583e-07,1.40038e-07,-1.40038e-07,-0.523596,-2.2294e-06,
4.5907e-07,-2.8137e-07,4.5907e-07,-2.8137e-07,1.32028e-07,-1.32028e-07,-0.523596,-2.10093e-06,
4.32611e-07,-2.6515e-07,4.32611e-07,-2.6515e-07,1.24476e-07,-1.24476e-07,-0.523596,-1.97987e-06,
4.07676e-07,-2.49865e-07,4.07676e-07,-2.49865e-07,1.17357e-07,-1.17357e-07,-0.523596,-1.86578e-06,
3.84179e-07,-2.35461e-07,3.84179e-07,-2.35461e-07,1.10644e-07,-1.10644e-07,-0.523596,-1.75827e-06,
3.62037e-07,-2.21888e-07,3.62037e-07,-2.21888e-07,1.04316e-07,-1.04316e-07,-0.523597,-1.65696e-06,
3.41171e-07,-2.09097e-07,3.41171e-07,-2.09097e-07,9.8349e-08,-9.8349e-08,-0.523597,-1.56148e-06,
3.21508e-07,-1.97044e-07,3.21508e-07,-1.97044e-07,9.27238e-08,-9.27238e-08,-0.523597,-1.47151e-06,
3.02978e-07,-1.85685e-07,3.02978e-07,-1.85685e-07,8.74203e-08,-8.74203e-08,-0.523597,-1.38672e-06,
2.85517e-07,-1.74982e-07,2.85517e-07,-1.74982e-07,8.24203e-08,-8.24203e-08,-0.523597,-1.30682e-06,
2.69062e-07,-1.64895e-07,2.69062e-07,-1.64895e-07,7.77062e-08,-7.77062e-08,-0.523597,-1.23153e-06,
2.53555e-07,-1.5539e-07,2.53555e-07,-1.5539e-07,7.32618e-08,-7.32618e-08,-0.523597,-1.16057e-06,
2.38943e-07,-1.46433e-07,2.38943e-07,-1.46433e-07,6.90716e-08,-6.90716e-08,-0.523597,-1.0937e-06,
2.25172e-07,-1.37993e-07,2.25172e-07,-1.37993e-07,6.51212e-08,-6.51212e-08,-0.523597,-1.03069e-06,
2.12196e-07,-1.30039e-07,2.12196e-07,-1.30039e-07,6.13967e-08,-6.13967e-08,-0.523597,-9.71304e-07,
1.99967e-07,-1.22543e-07,1.99967e-07,-1.22543e-07,5.78852e-08,-5.78852e-08,-0.523598,-9.15343e-07,
1.88443e-07,-1.1548e-07,1.88443e-07,-1.1548e-07,5.45746e-08,-5.45746e-08,-0.523598,-8.62607e-07,
1.77583e-07,-1.08824e-07,1.77583e-07,-1.08824e-07,5.14534e-08,-5.14534e-08,-0.523598,-8.12909e-07,
1.6735e-07,-1.02551e-07,1.6735e-07,-1.02551e-07,4.85108e-08,-4.85108e-08,-0.523598,-7.66076e-07,
1.57706e-07,-9.66405e-08,1.57706e-07,-9.66405e-08,4.57364e-08,-4.57364e-08,-0.523598,-7.21941e-07,
1.48618e-07,-9.10704e-08,1.48618e-07,-9.10704e-08,4.31208e-08,-4.31208e-08,-0.523598,-6.80349e-07,
1.40054e-07,-8.58215e-08,1.40054e-07,-8.58215e-08,4.06547e-08,-4.06547e-08,-0.523598,-6.41154e-07,
1.31983e-07,-8.08751e-08,1.31983e-07,-8.08751e-08,3.83298e-08,-3.83298e-08,-0.523598,-6.04218e-07,
1.24378e-07,-7.62138e-08,1.24378e-07,-7.62138e-08,3.61378e-08,-3.61378e-08,-0.523598,-5.69409e-07,
1.17211e-07,-7.18213e-08,1.17211e-07,-7.18213e-08,3.40712e-08,-3.40712e-08,-0.523598,-5.36607e-07,
1.10457e-07,-6.76819e-08,1.10457e-07,-6.76819e-08,3.21228e-08,-3.21228e-08,-0.523598,-5.05694e-07,
1.04092e-07,-6.37812e-08,1.04092e-07,-6.37812e-08,3.02859e-08,-3.02859e-08,-0.523598,-4.76563e-07,
9.80941e-08,-6.01053e-08,9.80941e-08,-6.01053e-08,2.85541e-08,-2.85541e-08,-0.523598,-4.4911e-07,
9.24419e-08,-5.66413e-08,9.24419e-08,-5.66413e-08,2.69213e-08,-2.69213e-08,-0.523598,-4.23239e-07,
8.71154e-08,-5.3377e-08,8.71154e-08,-5.3377e-08,2.53819e-08,-2.53819e-08,-0.523598,-3.98859e-07,
8.20958e-08,-5.03008e-08,8.20958e-08,-5.03008e-08,2.39305e-08,-2.39305e-08,-0.523598,-3.75883e-07,
7.73656e-08,-4.74019e-08,7.73656e-08,-4.74019e-08,2.25622e-08,-2.25622e-08,-0.523598,-3.54231e-07,
7.29079e-08,-4.46702e-08,7.29079e-08,-4.46702e-08,2.12721e-08,-2.12721e-08,-0.523598,-3.33827e-07,
6.87072e-08,-4.20959e-08,6.87072e-08,-4.20959e-08,2.00558e-08,-2.00558e-08,-0.523598,-3.14598e-07,
6.47485e-08,-3.967e-08,6.47485e-08,-3.967e-08,1.89091e-08,-1.89091e-08,-0.523598,-2.96477e-07,
6.10179e-08,-3.73839e-08,6.10179e-08,-3.73839e-08,1.7828e-08,-1.7828e-08,-0.523598,-2.794e-07,
5.75024e-08,-3.52295e-08,5.75024e-08,-3.52295e-08,1.68087e-08,-1.68087e-08,-0.523598,-2.63307e-07,
5.41894e-08,-3.31994e-08,5.41894e-08,-3.31994e-08,1.58477e-08,-1.58477e-08,-0.523598,-2.48141e-07,
5.10673e-08,-3.12862e-08,5.10673e-08,-3.12862e-08,1.49416e-08,-1.49416e-08,-0.523598,-2.33849e-07,
4.81252e-08,-2.94834e-08,4.81252e-08,-2.94834e-08,1.40874e-08,-1.40874e-08,-0.523598,-2.2038e-07,
4.53526e-08,-2.77844e-08,4.53526e-08,-2.77844e-08,1.3282e-08,-1.3282e-08,-0.523599,-2.07687e-07,
4.27397e-08,-2.61834e-08,4.27397e-08,-2.61834e-08,1.25227e-08,-1.25227e-08,-0.523599,-1.95725e-07,
4.02775e-08,-2.46746e-08,4.02775e-08,-2.46746e-08,1.18069e-08,-1.18069e-08,-0.523599,-1.84452e-07,
3.79571e-08,-2.32528e-08,3.79571e-08,-2.32528e-08,1.11319e-08,-1.11319e-08,-0.523599,-1.73829e-07,
3.57704e-08,-2.19129e-08,3.57704e-08,-2.19129e-08,1.04956e-08,-1.04956e-08,-0.523599,-1.63818e-07,
3.37097e-08,-2.06503e-08,3.37097e-08,-2.06503e-08,9.89562e-09,-9.89562e-09,-0.523599,-1.54383e-07,
3.17677e-08,-1.94604e-08,3.17677e-08,-1.94604e-08,9.32998e-09,-9.32998e-09,-0.523599,-1.45492e-07,
2.99377e-08,-1.83391e-08,2.99377e-08,-1.83391e-08,8.79669e-09,-8.79669e-09,-0.523599,-1.37113e-07,
2.82131e-08,-1.72824e-08,2.82131e-08,-1.72824e-08,8.29389e-09,-8.29389e-09,-0.523599,-1.29217e-07,
2.65878e-08,-1.62866e-08,2.65878e-08,-1.62866e-08,7.81984e-09,-7.81984e-09,-0.523599,-1.21776e-07,
2.50562e-08,-1.53482e-08,2.50562e-08,-1.53482e-08,7.37291e-09,-7.37291e-09,-0.523599,-1.14763e-07,
2.36129e-08,-1.44639e-08,2.36129e-08,-1.44639e-08,6.95152e-09,-6.95152e-09,-0.523599,-1.08154e-07,
2.22527e-08,-1.36305e-08,2.22527e-08,-1.36305e-08,6.55424e-09,-6.55424e-09,-0.523599,-1.01926e-07,
2.09709e-08,-1.28452e-08,2.09709e-08,-1.28452e-08,6.17966e-09,-6.17966e-09,-0.523599,-9.60565e-08,
1.97629e-08,-1.21051e-08,1.97629e-08,-1.21051e-08,5.82651e-09,-5.82651e-09,-0.523599,-9.05252e-08,
1.86246e-08,-1.14077e-08,1.86246e-08,-1.14077e-08,5.49355e-09,-5.49355e-09,-0.523599,-8.53124e-08,
1.75518e-08,-1.07504e-08,1.75518e-08,-1.07504e-08,5.17962e-09,-5.17962e-09,-0.523599,-8.03999e-08,
1.65408e-08,-1.01311e-08,1.65408e-08,-1.01311e-08,4.88365e-09,-4.88365e-09,-0.523599,-7.57704e-08,
1.55881e-08,-9.5474e-09,1.55881e-08,-9.5474e-09,4.60459e-09,-4.60459e-09,-0.523599,-7.14075e-08,
1.46902e-08,-8.99736e-09,1.46902e-08,-8.99736e-09,4.34149e-09,-4.34149e-09,-0.523599,-6.72959e-08,
1.38441e-08,-8.47902e-09,1.38441e-08,-8.47902e-09,4.09343e-09,-4.09343e-09,-0.523599,-6.3421e-08,
1.30467e-08,-7.99054e-09,1.30467e-08,-7.99054e-09,3.85956e-09,-3.85956e-09,-0.523599,-5.97694e-08,
1.22953e-08,-7.53021e-09,1.22953e-08,-7.53021e-09,3.63905e-09,-3.63905e-09,-0.523599,-5.6328e-08,
1.15871e-08,-7.09641e-09,1.15871e-08,-7.09641e-09,3.43115e-09,-3.43115e-09,-0.523599,-5.30849e-08,
1.09198e-08,-6.6876e-09,1.09198e-08,-6.6876e-09,3.23513e-09,-3.23513e-09,-0.523599,-5.00285e-08,
1.02909e-08,-6.30234e-09,1.02909e-08,-6.30234e-09,3.05032e-09,-3.05032e-09,-0.523599,-4.71481e-08,
9.69821e-09,-5.93928e-09,9.69821e-09,-5.93928e-09,2.87607e-09,-2.87607e-09,-0.523599,-4.44337e-08,
9.13967e-09,-5.59715e-09,9.13967e-09,-5.59715e-09,2.71178e-09,-2.71178e-09,-0.523599,-4.18755e-08,
8.61331e-09,-5.27473e-09,8.61331e-09,-5.27473e-09,2.55688e-09,-2.55688e-09,-0.523599,-3.94647e-08,
8.11727e-09,-4.97088e-09,8.11727e-09,-4.97088e-09,2.41084e-09,-2.41084e-09,-0.523599,-3.71927e-08,
7.6498e-09,-4.68454e-09,7.6498e-09,-4.68454e-09,2.27314e-09,-2.27314e-09,-0.523599,-3.50515e-08,
7.20926e-09,-4.4147e-09,7.20926e-09,-4.4147e-09,2.14331e-09,-2.14331e-09,-0.523599,-3.30336e-08,
6.7941e-09,-4.1604e-09,6.7941e-09,-4.1604e-09,2.02091e-09,-2.02091e-09,-0.523599,-3.1132e-08,
6.40285e-09,-3.92076e-09,6.40285e-09,-3.92076e-09,1.9055e-09,-1.9055e-09,-0.523599,-2.93398e-08,
6.03413e-09,-3.69492e-09,6.03413e-09,-3.69492e-09,1.79668e-09,-1.79668e-09,-0.523599,-2.76508e-08,
5.68666e-09,-3.48209e-09,5.68666e-09,-3.48209e-09,1.69408e-09,-1.69408e-09,-0.523599,-2.60591e-08,
5.3592e-09,-3.28153e-09,5.3592e-09,-3.28153e-09,1.59735e-09,-1.59735e-09,-0.523599,-2.4559e-08,
5.0506e-09,-3.09252e-09,5.0506e-09,-3.09252e-09,1.50614e-09,-1.50614e-09,-0.523599,-2.31454e-08,
4.75977e-09,-2.9144e-09,4.75977e-09,-2.9144e-09,1.42015e-09,-1.42015e-09,-0.523599,-2.18131e-08,
4.4857e-09,-2.74654e-09,4.4857e-09,-2.74654e-09,1.33906e-09,-1.33906e-09,-0.523599,-2.05575e-08,
4.22741e-09,-2.58835e-09,4.22741e-09,-2.58835e-09,1.26262e-09,-1.26262e-09,-0.523599,-1.93742e-08,
0.080206,1.2214,0.080206,1.2214,0.0501143,-0.0501143,-0.524635,-0.00953041,
0.221905,1.55973,0.221905,1.55973,0.112164,-0.112164,-0.524782,0.0264558,
0.295699,0.359963,0.295699,0.359963,0.148621,-0.148621,-0.519269,0.117858,
0.300461,-0.103748,0.300461,-0.103748,0.149642,-0.149642,-0.506427,0.207331,
0.292154,-0.0756933,0.292154,-0.0756933,0.127071,-0.127071,-0.486922,0.287861,
0.289232,-0.00743374,0.289232,-0.00743374,0.0958423,-0.0958423,-0.461205,0.366021,
0.289506,0.0078146,0.289506,0.0078146,0.0606638,-0.0606638,-0.429327,0.444511,
0.267872,-0.333283,0.267872,-0.333283,0.0187647,-0.0187647,-0.390974,0.525857,
0.211268,-0.698774,0.211268,-0.698774,-0.0261809,0.0261809,-0.346444,0.596671,
0.135056,-0.818395,0.135056,-0.818395,-0.0646789,0.0646789,-0.297167,0.645035,
0.0512163,-0.87598,0.0512163,-0.87598,-0.0927348,0.0927348,-0.244955,0.670473,
-0.0403166,-0.96493,-0.0403166,-0.96493,-0.111808,0.111808,-0.191611,0.672564,
-0.130987,-0.908241,-0.130987,-0.908241,-0.120701,0.120701,-0.139202,0.647461,
-0.198044,-0.576412,-0.198044,-0.576412,-0.114012,0.114012,-0.0899627,0.596413,
-0.224675,-0.123274,-0.224675,-0.123274,-0.0898456,0.0898456,-0.0455455,0.530841,
-0.222271,0.0969715,-0.222271,0.0969715,-0.0582889,0.0582889,-0.00635765,0.466203,
-0.208742,0.158546,-0.208742,0.158546,-0.0300962,0.0300962,0.0279149,0.406635,
-0.181112,0.343119,-0.181112,0.343119,-0.0062429,0.0062429,0.0575457,0.350745,
-0.135811,0.521826,-0.135811,0.521826,0.0130929,-0.0130929,0.0830852,0.304997,
-0.0887171,0.461631,-0.0887171,0.461631,0.0227713,-0.0227713,0.105715,0.275894,
-0.0552161,0.284107,-0.0552161,0.284107,0.0208335,-0.0208335,0.126654,0.259669,
-0.0337743,0.187398,-0.0337743,0.187398,0.0120932,-0.0120932,0.146598,0.249435,
-0.0201785,0.115274,-0.0201785,0.115274,0.00120757,-0.00120757,0.165939,0.243436,
-0.0168443,-0.00567505,-0.0168443,-0.00567505,-0.00999883,0.00999883,0.184989,0.240459,
-0.022409,-0.0819613,-0.022409,-0.0819613,-0.0188532,0.0188532,0.203797,0.236336,
-0.0296929,-0.0707866,-0.0296929,-0.0707866,-0.0225845,0.0225845,0.222144,0.228947,
-0.0354571,-0.0531151,-0.0354571,-0.0531151,-0.0216736,0.0216736,0.239826,0.21968,
-0.0404658,-0.0502637,-0.0404658,-0.0502637,-0.0182911,0.0182911,0.256731,0.209225,
-0.0435783,-0.0227839,-0.0435783,-0.0227839,-0.0137571,0.0137571,0.27274,0.197284,
-0.043763,0.00834422,-0.043763,0.00834422,-0.00937959,0.00937959,0.287774,0.184872,
-0.0426384,0.0130386,-0.0426384,0.0130386,-0.00662884,0.00662884,0.301854,0.173062,
-0.0411973,0.0155618,-0.0411973,0.0155618,-0.00565988,0.00565988,0.315019,0.161647,
-0.0389036,0.027308,-0.0389036,0.027308,-0.00569502,0.00569502,0.327293,0.150586,
-0.036012,0.0306619,-0.036012,0.0306619,-0.00620724,0.00620724,0.338729,0.140368,
-0.0330397,0.0302473,-0.0330397,0.0302473,-0.00669928,0.00669928,0.349394,0.131003,
-0.0297347,0.0355178,-0.0297347,0.0355178,-0.00667101,0.00667101,0.359349,0.12239,
-0.0262311,0.0359623,-0.0262311,0.0359623,-0.00618226,0.00618226,0.368665,0.114781,
-0.0231456,0.029376,-0.0231456,0.029376,-0.00557582,0.00557582,0.377425,0.108186,
-0.0206587,0.0234864,-0.0206587,0.0234864,-0.00503067,0.00503067,0.385699,0.102335,
-0.0188268,0.0163958,-0.0188268,0.0163958,-0.00469853,0.00469853,0.393539,0.097089,
-0.0177903,0.00775519,-0.0177903,0.00775519,-0.00464519,0.00464519,0.400987,0.0922567,
-0.017334,0.00315049,-0.017334,0.00315049,-0.00470439,0.00470439,0.408062,0.0875563,
-0.0171057,0.00193433,-0.0171057,0.00193433,-0.0047033,0.0047033,0.414769,0.0828902,
-0.0169104,0.00202705,-0.0169104,0.00202705,-0.00457184,0.00457184,0.421111,0.0782596,
-0.0165487,0.00451512,-0.0165487,0.00451512,-0.00427376,0.00427376,0.427087,0.0736654,
-0.0159033,0.00761759,-0.0159033,0.00761759,-0.00386452,0.00386452,0.432706,0.0692,
-0.0150431,0.00936884,-0.0150431,0.00936884,-0.00346324,0.00346324,0.437981,0.0649643,
-0.0140535,0.0104824,-0.0140535,0.0104824,-0.00313871,0.00313871,0.442933,0.0609921,
-0.0130157,0.01067,-0.0130157,0.01067,-0.00291753,0.00291753,0.447584,0.0573117,
-0.0120331,0.00973938,-0.0120331,0.00973938,-0.00279205,0.00279205,0.451957,0.0539243,
-0.0111475,0.00871645,-0.0111475,0.00871645,-0.00270921,0.00270921,0.456074,0.0507916,
-0.0103649,0.00764904,-0.0103649,0.00764904,-0.00262314,0.00262314,0.459953,0.0478855,
-0.00969332,0.0064815,-0.00969332,0.0064815,-0.00251518,0.00251518,0.463613,0.0451781,
-0.00911558,0.00562413,-0.00911558,0.00562413,-0.00238077,0.00238077,0.467066,0.0426349,
-0.0086126,0.00490545,-0.0086126,0.00490545,-0.00223547,0.00223547,0.470325,0.0402363,
-0.00817278,0.00429554,-0.00817278,0.00429554,-0.00209819,0.00209819,0.4734,0.037964,
-0.00777284,0.00398685,-0.00777284,0.00398685,-0.0019749,0.0019749,0.476301,0.0358009,
-0.00739283,0.0038347,-0.00739283,0.0038347,-0.00186585,0.00186585,0.479036,0.0337414,
-0.00701894,0.00381584,-0.00701894,0.00381584,-0.00176536,0.00176536,0.481613,0.0317821,
-0.00663932,0.00391231,-0.00663932,0.00391231,-0.00166634,0.00166634,0.48404,0.0299235,
-0.00625443,0.00394549,-0.00625443,0.00394549,-0.00156832,0.00156832,0.486324,0.02817,
-0.00587209,0.00389035,-0.00587209,0.00389035,-0.00147368,0.00147368,0.488475,0.0265223,
-0.0055019,0.00373216,-0.0055019,0.00373216,-0.00138576,0.00138576,0.4905,0.0249786,
-0.00515496,0.00345579,-0.00515496,0.00345579,-0.00130741,0.00130741,0.492407,0.0235345,
-0.00483711,0.00314796,-0.00483711,0.00314796,-0.00123751,0.00123751,0.494205,0.0221811,
-0.0045489,0.00284754,-0.0045489,0.00284754,-0.00117325,0.00117325,0.495899,0.02091,
-0.00428768,0.00258352,-0.00428768,0.00258352,-0.00111178,0.00111178,0.497497,0.0197128,
-0.00404786,0.00238693,-0.00404786,0.00238693,-0.00105107,0.00105107,0.499003,0.0185827,
-0.00382423,0.00223654,-0.00382423,0.00223654,-0.000991306,0.000991306,0.500422,0.0175147,
-0.00361289,0.00212317,-0.00361289,0.00212317,-0.000933653,0.000933653,0.50176,0.0165053,
-0.00341105,0.0020341,-0.00341105,0.0020341,-0.000879247,0.000879247,0.503021,0.0155517,
-0.00321762,0.00194946,-0.00321762,0.00194946,-0.000828782,0.000828782,0.504208,0.0146517,
-0.00303226,0.00186812,-0.00303226,0.00186812,-0.000781956,0.000781956,0.505327,0.0138033,
-0.00285517,0.0017819,-0.00285517,0.0017819,-0.000738144,0.000738144,0.506381,0.0130042,
-0.00268703,0.00168794,-0.00268703,0.00168794,-0.000696793,0.000696793,0.507374,0.0122521,
-0.00252838,0.0015894,-0.00252838,0.0015894,-0.000657569,0.000657569,0.50831,0.0115446,
-0.00237967,0.00148624,-0.00237967,0.00148624,-0.000620486,0.000620486,0.509192,0.0108789,
-0.00224091,0.0013854,-0.00224091,0.0013854,-0.000585552,0.000585552,0.510023,0.0102523,
-0.00211154,0.00129161,-0.00211154,0.00129161,-0.000552684,0.000552684,0.510806,0.00966197,
-0.0019907,0.0012077,-0.0019907,0.0012077,-0.000521694,0.000521694,0.511544,0.00910552,
-0.00187728,0.00113573,-0.00187728,0.00113573,-0.000492332,0.000492332,0.512239,0.00858072,
-0.00177031,0.00107292,-0.00177031,0.00107292,-0.000464458,0.000464458,0.512895,0.00808573,
-0.00166904,0.00101679,-0.00166904,0.00101679,-0.000438027,0.000438027,0.513512,0.00761895,
-0.00157302,0.000964225,-0.00157302,0.000964225,-0.000413058,0.000413058,0.514094,0.00717894,
-0.00148207,0.000912863,-0.00148207,0.000912863,-0.000389569,0.000389569,0.514643,0.00676434,
-0.00139609,0.000862356,-0.00139609,0.000862356,-0.0003675,0.0003675,0.515159,0.00637378,
-0.001315,0.000812508,-0.001315,0.000812508,-0.000346745,0.000346745,0.515646,0.00600592,
-0.00123869,0.000764205,-0.00123869,0.000764205,-0.000327176,0.000327176,0.516105,0.00565944,
-0.00116696,0.000718102,-0.00116696,0.000718102,-0.000308686,0.000308686,0.516537,0.00533306,
-0.00109957,0.000674678,-0.00109957,0.000674678,-0.000291208,0.000291208,0.516944,0.00502554,
-0.00103621,0.000634376,-0.00103621,0.000634376,-0.000274696,0.000274696,0.517328,0.00473575,
-0.000976602,0.000597118,-0.000976602,0.000597118,-0.000259112,0.000259112,0.51769,0.00446264,
-0.000920442,0.000562812,-0.000920442,0.000562812,-0.00024441,0.00024441,0.518031,0.00420521,
-0.000867474,0.000531019,-0.000867474,0.000531019,-0.000230538,0.000230538,0.518352,0.00396259,
-0.000817482,0.000501255,-0.000817482,0.000501255,-0.000217448,0.000217448,0.518655,0.00373393,
-0.000770296,0.000473095,-0.000770296,0.000473095,-0.000205095,0.000205095,0.51894,0.00351846,
-0.000725783,0.000446197,-0.000725783,0.000446197,-0.000193443,0.000193443,0.519209,0.00331544,
-0.000683822,0.000420486,-0.000683822,0.000420486,-0.000182458,0.000182458,0.519462,0.00312416,
-0.000644299,0.000395969,-0.000644299,0.000395969,-0.000172101,0.000172101,0.5197,0.00294394,
-0.000607088,0.000372761,-0.000607088,0.000372761,-0.000162332,0.000162332,0.519925,0.00277413,
-0.000572056,0.000350933,-0.000572056,0.000350933,-0.000153115,0.000153115,0.520137,0.00261412,
-0.000539069,0.000330487,-0.000539069,0.000330487,-0.000144416,0.000144416,0.520337,0.00246334,
-0.000507995,0.00031137,-0.000507995,0.00031137,-0.000136206,0.000136206,0.520525,0.00232125,
-0.000478712,0.000293462,-0.000478712,0.000293462,-0.000128459,0.000128459,0.520702,0.00218735,
-0.000451108,0.000276651,-0.000451108,0.000276651,-0.000121153,0.000121153,0.520869,0.00206117,
-0.000425085,0.000260812,-0.000425085,0.000260812,-0.000114262,0.000114262,0.521027,0.00194226,
-0.000400553,0.000245856,-0.000400553,0.000245856,-0.000107763,0.000107763,0.521175,0.00183022,
-0.000377432,0.000231709,-0.000377432,0.000231709,-0.000101633,0.000101633,0.521315,0.00172464,
-0.000355644,0.000218327,-0.000355644,0.000218327,-9.58505e-05,9.58505e-05,0.521447,0.00162515,
-0.000335117,0.000205683,-0.000335117,0.000205683,-9.03967e-05,9.03967e-05,0.521571,0.00153141,
-0.000315779,0.000193757,-0.000315779,0.000193757,-8.52526e-05,8.52526e-05,0.521688,0.00144308,
-0.000297562,0.000182533,-0.000297562,0.000182533,-8.04005e-05,8.04005e-05,0.521798,0.00135985,
-0.000280399,0.000171981,-0.000280399,0.000171981,-7.58236e-05,7.58236e-05,0.521902,0.00128141,
-0.000264227,0.000162061,-0.000264227,0.000162061,-7.15063e-05,7.15063e-05,0.522,0.0012075,
-0.000248986,0.000152729,-0.000248986,0.000152729,-6.74341e-05,6.74341e-05,0.522092,0.00113785,
-0.000234623,0.000143939,-0.000234623,0.000143939,-6.35933e-05,6.35933e-05,0.522179,0.00107222,
-0.000221086,0.000135651,-0.000221086,0.000135651,-5.99709e-05,5.99709e-05,0.522261,0.00101037,
-0.00020833,0.000127832,-0.00020833,0.000127832,-5.65547e-05,5.65547e-05,0.522338,0.000952092,
-0.000196309,0.000120455,-0.000196309,0.000120455,-5.33328e-05,5.33328e-05,0.522411,0.000897177,
-0.000184983,0.000113498,-0.000184983,0.000113498,-5.02941e-05,5.02941e-05,0.522479,0.00084543,
-0.00017431,0.000106941,-0.00017431,0.000106941,-4.74282e-05,4.74282e-05,0.522544,0.000796668,
-0.000164255,0.000100763,-0.000164255,0.000100763,-4.47252e-05,4.47252e-05,0.522604,0.000750719,
-0.00015478,9.49458e-05,-0.00015478,9.49458e-05,-4.2176e-05,4.2176e-05,0.522662,0.000707421,
-0.000145851,8.9468e-05,-0.000145851,8.9468e-05,-3.97718e-05,3.97718e-05,0.522716,0.000666619,
-0.000137438,8.4309e-05,-0.000137438,8.4309e-05,-3.75045e-05,3.75045e-05,0.522767,0.000628172,
-0.00012951,7.94485e-05,-0.00012951,7.94485e-05,-3.53661e-05,3.53661e-05,0.522815,0.000591942,
-0.000122039,7.48677e-05,-0.000122039,7.48677e-05,-3.33495e-05,3.33495e-05,0.52286,0.000557801,
-0.000114998,7.05495e-05,-0.000114998,7.05495e-05,-3.14478e-05,3.14478e-05,0.522903,0.00052563,
-0.000108364,6.64788e-05,-0.000108364,6.64788e-05,-2.96543e-05,2.96543e-05,0.522943,0.000495315,
-0.000102113,6.26421e-05,-0.000102113,6.26421e-05,-2.7963e-05,2.7963e-05,0.522981,0.000466749,
-9.62226e-05,5.90265e-05,-9.62226e-05,5.90265e-05,-2.6368e-05,2.6368e-05,0.523016,0.00043983,
-9.06721e-05,5.562e-05,-9.06721e-05,5.562e-05,-2.48638e-05,2.48638e-05,0.52305,0.000414464,
-8.54418e-05,5.24107e-05,-8.54418e-05,5.24107e-05,-2.34453e-05,2.34453e-05,0.523081,0.000390561,
-8.05134e-05,4.93873e-05,-8.05134e-05,4.93873e-05,-2.21076e-05,2.21076e-05,0.523111,0.000368037,
-7.58692e-05,4.65386e-05,-7.58692e-05,4.65386e-05,-2.08462e-05,2.08462e-05,0.523139,0.000346812,
-7.14929e-05,4.38544e-05,-7.14929e-05,4.38544e-05,-1.96566e-05,1.96566e-05,0.523166,0.000326811,
-6.7369e-05,4.13248e-05,-6.7369e-05,4.13248e-05,-1.85348e-05,1.85348e-05,0.523191,0.000307964,
-6.3483e-05,3.89409e-05,-6.3483e-05,3.89409e-05,-1.7477e-05,1.7477e-05,0.523214,0.000290204,
-5.98211e-05,3.66943e-05,-5.98211e-05,3.66943e-05,-1.64795e-05,1.64795e-05,0.523237,0.000273468,
-5.63706e-05,3.45772e-05,-5.63706e-05,3.45772e-05,-1.55389e-05,1.55389e-05,0.523257,0.000257698,
-5.31191e-05,3.25822e-05,-5.31191e-05,3.25822e-05,-1.46518e-05,1.46518e-05,0.523277,0.000242837,
-5.00552e-05,3.07025e-05,-5.00552e-05,3.07025e-05,-1.38154e-05,1.38154e-05,0.523296,0.000228833,
-4.71681e-05,2.89313e-05,-4.71681e-05,2.89313e-05,-1.30267e-05,1.30267e-05,0.523313,0.000215637,
-4.44475e-05,2.72624e-05,-4.44475e-05,2.72624e-05,-1.22829e-05,1.22829e-05,0.52333,0.000203202,
-4.18839e-05,2.56899e-05,-4.18839e-05,2.56899e-05,-1.15816e-05,1.15816e-05,0.523345,0.000191484,
-3.94681e-05,2.4208e-05,-3.94681e-05,2.4208e-05,-1.09202e-05,1.09202e-05,0.52336,0.000180442,
-3.71917e-05,2.28116e-05,-3.71917e-05,2.28116e-05,-1.02966e-05,1.02966e-05,0.523374,0.000170037,
-3.50466e-05,2.14957e-05,-3.50466e-05,2.14957e-05,-9.7086e-06,9.7086e-06,0.523387,0.000160231,
-3.30252e-05,2.02557e-05,-3.30252e-05,2.02557e-05,-9.15413e-06,9.15413e-06,0.523399,0.000150992,
-3.11205e-05,1.90872e-05,-3.11205e-05,1.90872e-05,-8.63129e-06,8.63129e-06,0.52341,0.000142285,
-2.93256e-05,1.79862e-05,-2.93256e-05,1.79862e-05,-8.13829e-06,8.13829e-06,0.523421,0.00013408,
-2.76342e-05,1.69486e-05,-2.76342e-05,1.69486e-05,-7.67343e-06,7.67343e-06,0.523431,0.000126349,
-2.60405e-05,1.5971e-05,-2.60405e-05,1.5971e-05,-7.23509e-06,7.23509e-06,0.523441,0.000119063,
-2.45386e-05,1.50498e-05,-2.45386e-05,1.50498e-05,-6.82178e-06,6.82178e-06,0.52345,0.000112198,
-2.31234e-05,1.41817e-05,-2.31234e-05,1.41817e-05,-6.43206e-06,6.43206e-06,0.523459,0.000105729,
-2.17898e-05,1.33637e-05,-2.17898e-05,1.33637e-05,-6.06458e-06,6.06458e-06,0.523467,9.96322e-05,
-2.05331e-05,1.25929e-05,-2.05331e-05,1.25929e-05,-5.71809e-06,5.71809e-06,0.523474,9.38874e-05,
-1.93489e-05,1.18665e-05,-1.93489e-05,1.18665e-05,-5.39137e-06,5.39137e-06,0.523482,8.84739e-05,
-1.82331e-05,1.1182e-05,-1.82331e-05,1.1182e-05,-5.08331e-06,5.08331e-06,0.523488,8.33725e-05,
-1.71815e-05,1.05371e-05,-1.71815e-05,1.05371e-05,-4.79285e-06,4.79285e-06,0.523495,7.85654e-05,
-1.61907e-05,9.92929e-06,-1.61907e-05,9.92929e-06,-4.51896e-06,4.51896e-06,0.523501,7.40354e-05,
-1.5257e-05,9.35659e-06,-1.5257e-05,9.35659e-06,-4.26072e-06,4.26072e-06,0.523506,6.97667e-05,
-1.43771e-05,8.81693e-06,-1.43771e-05,8.81693e-06,-4.01723e-06,4.01723e-06,0.523512,6.57442e-05,
-1.3548e-05,8.30839e-06,-1.3548e-05,8.30839e-06,-3.78764e-06,3.78764e-06,0.523517,6.19536e-05,
-1.27667e-05,7.82919e-06,-1.27667e-05,7.82919e-06,-3.57117e-06,3.57117e-06,0.523521,5.83816e-05,
-1.20305e-05,7.37763e-06,-1.20305e-05,7.37763e-06,-3.36706e-06,3.36706e-06,0.523526,5.50156e-05,
-1.13367e-05,6.95212e-06,-1.13367e-05,6.95212e-06,-3.17461e-06,3.17461e-06,0.52353,5.18436e-05,
-1.0683e-05,6.55115e-06,-1.0683e-05,6.55115e-06,-2.99315e-06,2.99315e-06,0.523534,4.88546e-05,
-1.00669e-05,6.17331e-06,-1.00669e-05,6.17331e-06,-2.82206e-06,2.82206e-06,0.523538,4.60379e-05,
-9.48639e-06,5.81727e-06,-9.48639e-06,5.81727e-06,-2.66075e-06,2.66075e-06,0.523541,4.33837e-05,
-8.93936e-06,5.48176e-06,-8.93936e-06,5.48176e-06,-2.50865e-06,2.50865e-06,0.523545,4.08825e-05,
-8.42387e-06,5.16561e-06,-8.42387e-06,5.16561e-06,-2.36524e-06,2.36524e-06,0.523548,3.85255e-05,
-7.93811e-06,4.8677e-06,-7.93811e-06,4.8677e-06,-2.23003e-06,2.23003e-06,0.523551,3.63045e-05,
-7.48037e-06,4.58696e-06,-7.48037e-06,4.58696e-06,-2.10254e-06,2.10254e-06,0.523553,3.42114e-05,
-7.04903e-06,4.32243e-06,-7.04903e-06,4.32243e-06,-1.98233e-06,1.98233e-06,0.523556,3.22391e-05,
-6.64256e-06,4.07314e-06,-6.64256e-06,4.07314e-06,-1.869e-06,1.869e-06,0.523559,3.03805e-05,
-6.25954e-06,3.83824e-06,-6.25954e-06,3.83824e-06,-1.76214e-06,1.76214e-06,0.523561,2.86291e-05,
-5.8986e-06,3.61689e-06,-5.8986e-06,3.61689e-06,-1.66139e-06,1.66139e-06,0.523563,2.69787e-05,
-5.55848e-06,3.4083e-06,-5.55848e-06,3.4083e-06,-1.5664e-06,1.5664e-06,0.523565,2.54234e-05,
-5.23798e-06,3.21175e-06,-5.23798e-06,3.21175e-06,-1.47684e-06,1.47684e-06,0.523567,2.39578e-05,
-4.93595e-06,3.02653e-06,-4.93595e-06,3.02653e-06,-1.39239e-06,1.39239e-06,0.523569,2.25767e-05,
-4.65135e-06,2.85199e-06,-4.65135e-06,2.85199e-06,-1.31278e-06,1.31278e-06,0.523571,2.12752e-05,
-4.38316e-06,2.68752e-06,-4.38316e-06,2.68752e-06,-1.23771e-06,1.23771e-06,0.523572,2.00487e-05,
-4.13043e-06,2.53254e-06,-4.13043e-06,2.53254e-06,-1.16694e-06,1.16694e-06,0.523574,1.8893e-05,
-3.89228e-06,2.3865e-06,-3.89228e-06,2.3865e-06,-1.10021e-06,1.10021e-06,0.523575,1.78039e-05,
-3.66786e-06,2.24888e-06,-3.66786e-06,2.24888e-06,-1.03729e-06,1.03729e-06,0.523577,1.67776e-05,
-3.45638e-06,2.11919e-06,-3.45638e-06,2.11919e-06,-9.77974e-07,9.77974e-07,0.523578,1.58105e-05,
-3.2571e-06,1.99699e-06,-3.2571e-06,1.99699e-06,-9.22047e-07,9.22047e-07,0.523579,1.48991e-05,
-3.06931e-06,1.88183e-06,-3.06931e-06,1.88183e-06,-8.69318e-07,8.69318e-07,0.52358,1.40403e-05,
-2.89234e-06,1.77332e-06,-2.89234e-06,1.77332e-06,-8.19603e-07,8.19603e-07,0.523581,1.32309e-05,
-2.72559e-06,1.67106e-06,-2.72559e-06,1.67106e-06,-7.72731e-07,7.72731e-07,0.523582,1.24683e-05,
-2.56844e-06,1.5747e-06,-2.56844e-06,1.5747e-06,-7.28538e-07,7.28538e-07,0.523583,1.17496e-05,
-2.42036e-06,1.4839e-06,-2.42036e-06,1.4839e-06,-6.86873e-07,6.86873e-07,0.523584,1.10723e-05,
-2.28082e-06,1.39833e-06,-2.28082e-06,1.39833e-06,-6.47589e-07,6.47589e-07,0.523585,1.04341e-05,
-2.14933e-06,1.3177e-06,-2.14933e-06,1.3177e-06,-6.10552e-07,6.10552e-07,0.523586,9.83271e-06,
-2.02541e-06,1.24172e-06,-2.02541e-06,1.24172e-06,-5.75633e-07,5.75633e-07,0.523586,9.26596e-06,
-1.90864e-06,1.17012e-06,-1.90864e-06,1.17012e-06,-5.42711e-07,5.42711e-07,0.523587,8.73188e-06,
-1.79861e-06,1.10265e-06,-1.79861e-06,1.10265e-06,-5.11671e-07,5.11671e-07,0.523588,8.22859e-06,
-1.69492e-06,1.03907e-06,-1.69492e-06,1.03907e-06,-4.82406e-07,4.82406e-07,0.523588,7.75432e-06,
-1.59721e-06,9.79163e-07,-1.59721e-06,9.79163e-07,-4.54815e-07,4.54815e-07,0.523589,7.30739e-06,
-1.50513e-06,9.22705e-07,-1.50513e-06,9.22705e-07,-4.28802e-07,4.28802e-07,0.52359,6.88621e-06,
-1.41836e-06,8.69504e-07,-1.41836e-06,8.69504e-07,-4.04276e-07,4.04276e-07,0.52359,6.48932e-06,
-1.33659e-06,8.1937e-07,-1.33659e-06,8.1937e-07,-3.81153e-07,3.81153e-07,0.523591,6.11531e-06,
-1.25954e-06,7.72127e-07,-1.25954e-06,7.72127e-07,-3.59352e-07,3.59352e-07,0.523591,5.76286e-06,
-1.18693e-06,7.27609e-07,-1.18693e-06,7.27609e-07,-3.38798e-07,3.38798e-07,0.523592,5.43072e-06,
-1.11851e-06,6.85658e-07,-1.11851e-06,6.85658e-07,-3.1942e-07,3.1942e-07,0.523592,5.11773e-06,
-1.05403e-06,6.46126e-07,-1.05403e-06,6.46126e-07,-3.0115e-07,3.0115e-07,0.523592,4.82278e-06,
-9.93273e-07,6.08873e-07,-9.93273e-07,6.08873e-07,-2.83925e-07,2.83925e-07,0.523593,4.54484e-06,
-9.36016e-07,5.73769e-07,-9.36016e-07,5.73769e-07,-2.67685e-07,2.67685e-07,0.523593,4.28291e-06,
-8.8206e-07,5.40689e-07,-8.8206e-07,5.40689e-07,-2.52374e-07,2.52374e-07,0.523593,4.03608e-06,
-8.31214e-07,5.09516e-07,-8.31214e-07,5.09516e-07,-2.37938e-07,2.37938e-07,0.523594,3.80348e-06,
-7.83301e-07,4.80141e-07,-7.83301e-07,4.80141e-07,-2.24328e-07,2.24328e-07,0.523594,3.58429e-06,
-7.38149e-07,4.5246e-07,-7.38149e-07,4.5246e-07,-2.11497e-07,2.11497e-07,0.523594,3.37773e-06,
-6.95601e-07,4.26375e-07,-6.95601e-07,4.26375e-07,-1.994e-07,1.994e-07,0.523595,3.18308e-06,
-6.55505e-07,4.01794e-07,-6.55505e-07,4.01794e-07,-1.87994e-07,1.87994e-07,0.523595,2.99965e-06,
-6.17721e-07,3.7863e-07,-6.17721e-07,3.7863e-07,-1.77241e-07,1.77241e-07,0.523595,2.82679e-06,
-5.82116e-07,3.56802e-07,-5.82116e-07,3.56802e-07,-1.67103e-07,1.67103e-07,0.523595,2.66389e-06,
-5.48563e-07,3.36232e-07,-5.48563e-07,3.36232e-07,-1.57545e-07,1.57545e-07,0.523595,2.51038e-06,
-5.16944e-07,3.16849e-07,-5.16944e-07,3.16849e-07,-1.48534e-07,1.48534e-07,0.523596,2.36572e-06,
-4.87148e-07,2.98583e-07,-4.87148e-07,2.98583e-07,-1.40038e-07,1.40038e-07,0.523596,2.2294e-06,
-4.5907e-07,2.8137e-07,-4.5907e-07,2.8137e-07,-1.32028e-07,1.32028e-07,0.523596,2.10093e-06,
-4.32611e-07,2.6515e-07,-4.32611e-07,2.6515e-07,-1.24476e-07,1.24476e-07,0.523596,1.97987e-06,
-4.07676e-07,2.49865e-07,-4.07676e-07,2.49865e-07,-1.17357e-07,1.17357e-07,0.523596,1.86578e-06,
-3.84179e-07,2.35461e-07,-3.84179e-07,2.35461e-07,-1.10644e-07,1.10644e-07,0.523596,1.75827e-06,
-3.62037e-07,2.21888e-07,-3.62037e-07,2.21888e-07,-1.04316e-07,1.04316e-07,0.523597,1.65696e-06,
-3.41171e-07,2.09097e-07,-3.41171e-07,2.09097e-07,-9.8349e-08,9.8349e-08,0.523597,1.56148e-06,
-3.21508e-07,1.97044e-07,-3.21508e-07,1.97044e-07,-9.27238e-08,9.27238e-08,0.523597,1.47151e-06,
-3.02978e-07,1.85685e-07,-3.02978e-07,1.85685e-07,-8.74203e-08,8.74203e-08,0.523597,1.38672e-06,
-2.85517e-07,1.74982e-07,-2.85517e-07,1.74982e-07,-8.24203e-08,8.24203e-08,0.523597,1.30682e-06,
-2.69062e-07,1.64895e-07,-2.69062e-07,1.64895e-07,-7.77062e-08,7.77062e-08,0.523597,1.23153e-06,
-2.53555e-07,1.5539e-07,-2.53555e-07,1.5539e-07,-7.32618e-08,7.32618e-08,0.523597,1.16057e-06,
-2.38943e-07,1.46433e-07,-2.38943e-07,1.46433e-07,-6.90716e-08,6.90716e-08,0.523597,1.0937e-06,
-2.25172e-07,1.37993e-07,-2.25172e-07,1.37993e-07,-6.51212e-08,6.51212e-08,0.523597,1.03069e-06,
-2.12196e-07,1.30039e-07,-2.12196e-07,1.30039e-07,-6.13967e-08,6.13967e-08,0.523597,9.71304e-07,
-1.99967e-07,1.22543e-07,-1.99967e-07,1.22543e-07,-5.78852e-08,5.78852e-08,0.523598,9.15343e-07,
-1.88443e-07,1.1548e-07,-1.88443e-07,1.1548e-07,-5.45746e-08,5.45746e-08,0.523598,8.62606e-07,
-1.77583e-07,1.08824e-07,-1.77583e-07,1.08824e-07,-5.14534e-08,5.14534e-08,0.523598,8.12909e-07,
-1.6735e-07,1.02551e-07,-1.6735e-07,1.02551e-07,-4.85108e-08,4.85108e-08,0.523598,7.66076e-07,
-1.57706e-07,9.66405e-08,-1.57706e-07,9.66405e-08,-4.57364e-08,4.57364e-08,0.523598,7.21941e-07,
-1.48618e-07,9.10704e-08,-1.48618e-07,9.10704e-08,-4.31208e-08,4.31208e-08,0.523598,6.80349e-07,
-1.40054e-07,8.58215e-08,-1.40054e-07,8.58215e-08,-4.06547e-08,4.06547e-08,0.523598,6.41154e-07,
-1.31983e-07,8.08751e-08,-1.31983e-07,8.08751e-08,-3.83298e-08,3.83298e-08,0.523598,6.04218e-07,
-1.24378e-07,7.62138e-08,-1.24378e-07,7.62138e-08,-3.61378e-08,3.61378e-08,0.523598,5.69409e-07,
-1.17211e-07,7.18213e-08,-1.17211e-07,7.18213e-08,-3.40712e-08,3.40712e-08,0.523598,5.36607e-07,
-1.10457e-07,6.76819e-08,-1.10457e-07,6.76819e-08,-3.21228e-08,3.21228e-08,0.523598,5.05694e-07,
-1.04092e-07,6.37812e-08,-1.04092e-07,6.37812e-08,-3.02859e-08,3.02859e-08,0.523598,4.76563e-07,
-9.80941e-08,6.01053e-08,-9.80941e-08,6.01053e-08,-2.85541e-08,2.85541e-08,0.523598,4.4911e-07,
-9.24419e-08,5.66413e-08,-9.24419e-08,5.66413e-08,-2.69213e-08,2.69213e-08,0.523598,4.23239e-07,
-8.71154e-08,5.3377e-08,-8.71154e-08,5.3377e-08,-2.53819e-08,2.53819e-08,0.523598,3.98859e-07,
-8.20958e-08,5.03008e-08,-8.20958e-08,5.03008e-08,-2.39305e-08,2.39305e-08,0.523598,3.75883e-07,
-7.73656e-08,4.74019e-08,-7.73656e-08,4.74019e-08,-2.25622e-08,2.25622e-08,0.523598,3.54231e-07,
-7.29079e-08,4.46702e-08,-7.29079e-08,4.46702e-08,-2.12721e-08,2.12721e-08,0.523598,3.33827e-07,
-6.87072e-08,4.20959e-08,-6.87072e-08,4.20959e-08,-2.00558e-08,2.00558e-08,0.523598,3.14598e-07,
-6.47485e-08,3.967e-08,-6.47485e-08,3.967e-08,-1.89091e-08,1.89091e-08,0.523598,2.96477e-07,
-6.10179e-08,3.73839e-08,-6.10179e-08,3.73839e-08,-1.7828e-08,1.7828e-08,0.523598,2.794e-07,
-5.75024e-08,3.52295e-08,-5.75024e-08,3.52295e-08,-1.68087e-08,1.68087e-08,0.523598,2.63307e-07,
-5.41894e-08,3.31994e-08,-5.41894e-08,3.31994e-08,-1.58477e-08,1.58477e-08,0.523598,2.48141e-07,
-5.10673e-08,3.12862e-08,-5.10673e-08,3.12862e-08,-1.49416e-08,1.49416e-08,0.523598,2.33849e-07,
-4.81252e-08,2.94834e-08,-4.81252e-08,2.94834e-08,-1.40874e-08,1.40874e-08,0.523598,2.2038e-07,
-4.53526e-08,2.77844e-08,-4.53526e-08,2.77844e-08,-1.3282e-08,1.3282e-08,0.523599,2.07687e-07,
-4.27397e-08,2.61834e-08,-4.27397e-08,2.61834e-08,-1.25227e-08,1.25227e-08,0.523599,1.95725e-07,
-4.02775e-08,2.46746e-08,-4.02775e-08,2.46746e-08,-1.18069e-08,1.18069e-08,0.523599,1.84452e-07,
-3.79571e-08,2.32528e-08,-3.79571e-08,2.32528e-08,-1.11319e-08,1.11319e-08,0.523599,1.73829e-07,
-3.57704e-08,2.19129e-08,-3.57704e-08,2.19129e-08,-1.04956e-08,1.04956e-08,0.523599,1.63818e-07,
-3.37097e-08,2.06503e-08,-3.37097e-08,2.06503e-08,-9.89562e-09,9.89562e-09,0.523599,1.54383e-07,
-3.17677e-08,1.94604e-08,-3.17677e-08,1.94604e-08,-9.32998e-09,9.32998e-09,0.523599,1.45492e-07,
-2.99377e-08,1.83391e-08,-2.99377e-08,1.83391e-08,-8.79669e-09,8.79669e-09,0.523599,1.37113e-07,
-2.82131e-08,1.72824e-08,-2.82131e-08,1.72824e-08,-8.29389e-09,8.29389e-09,0.523599,1.29217e-07,
-2.65878e-08,1.62866e-08,-2.65878e-08,1.62866e-08,-7.81984e-09,7.81984e-09,0.523599,1.21776e-07,
-2.50562e-08,1.53482e-08,-2.50562e-08,1.53482e-08,-7.37291e-09,7.37291e-09,0.523599,1.14763e-07,
-2.36129e-08,1.44639e-08,-2.36129e-08,1.44639e-08,-6.95152e-09,6.95152e-09,0.523599,1.08154e-07,
-2.22527e-08,1.36305e-08,-2.22527e-08,1.36305e-08,-6.55424e-09,6.55424e-09,0.523599,1.01926e-07,
-2.09709e-08,1.28452e-08,-2.09709e-08,1.28452e-08,-6.17966e-09,6.17966e-09,0.523599,9.60565e-08,
-1.97629e-08,1.21051e-08,-1.97629e-08,1.21051e-08,-5.82651e-09,5.82651e-09,0.523599,9.05252e-08,
-1.86246e-08,1.14077e-08,-1.86246e-08,1.14077e-08,-5.49355e-09,5.49355e-09,0.523599,8.53124e-08,
-1.75518e-08,1.07504e-08,-1.75518e-08,1.07504e-08,-5.17962e-09,5.17962e-09,0.523599,8.03999e-08,
-1.65408e-08,1.01311e-08,-1.65408e-08,1.01311e-08,-4.88365e-09,4.88365e-09,0.523599,7.57704e-08,
-1.55881e-08,9.5474e-09,-1.55881e-08,9.5474e-09,-4.60459e-09,4.60459e-09,0.523599,7.14075e-08,
-1.46902e-08,8.99736e-09,-1.46902e-08,8.99736e-09,-4.34149e-09,4.34149e-09,0.523599,6.72959e-08,
-1.38441e-08,8.47902e-09,-1.38441e-08,8.47902e-09,-4.09343e-09,4.09343e-09,0.523599,6.3421e-08,
-1.30467e-08,7.99054e-09,-1.30467e-08,7.99054e-09,-3.85956e-09,3.85956e-09,0.523599,5.97694e-08,
-1.22953e-08,7.53021e-09,-1.22953e-08,7.53021e-09,-3.63905e-09,3.63905e-09,0.523599,5.6328e-08,
-1.15871e-08,7.09641e-09,-1.15871e-08,7.09641e-09,-3.43115e-09,3.43115e-09,0.523599,5.30849e-08,
-1.09198e-08,6.6876e-09,-1.09198e-08,6.6876e-09,-3.23513e-09,3.23513e-09,0.523599,5.00285e-08,
-1.02909e-08,6.30234e-09,-1.02909e-08,6.30234e-09,-3.05032e-09,3.05032e-09,0.523599,4.71481e-08,
-9.69821e-09,5.93928e-09,-9.69821e-09,5.93928e-09,-2.87607e-09,2.87607e-09,0.523599,4.44337e-08,
-9.13967e-09,5.59715e-09,-9.13967e-09,5.59715e-09,-2.71178e-09,2.71178e-09,0.523599,4.18755e-08,
-8.61331e-09,5.27473e-09,-8.61331e-09,5.27473e-09,-2.55688e-09,2.55688e-09,0.523599,3.94647e-08,
-8.11727e-09,4.97088e-09,-8.11727e-09,4.97088e-09,-2.41084e-09,2.41084e-09,0.523599,3.71927e-08,
-7.6498e-09,4.68454e-09,-7.6498e-09,4.68454e-09,-2.27314e-09,2.27314e-09,0.523599,3.50515e-08,
-7.20926e-09,4.41469e-09,-7.20926e-09,4.41469e-09,-2.14331e-09,2.14331e-09,0.523599,3.30336e-08,
-6.7941e-09,4.1604e-09,-6.7941e-09,4.1604e-09,-2.02091e-09,2.02091e-09,0.523599,3.1132e-08,
-6.40285e-09,3.92076e-09,-6.40285e-09,3.92076e-09,-1.9055e-09,1.9055e-09,0.523599,2.93398e-08,
-6.03413e-09,3.69492e-09,-6.03413e-09,3.69492e-09,-1.79668e-09,1.79668e-09,0.523599,2.76508e-08,
-5.68666e-09,3.48209e-09,-5.68666e-09,3.48209e-09,-1.69408e-09,1.69408e-09,0.523599,2.60591e-08,
-5.3592e-09,3.28153e-09,-5.3592e-09,3.28153e-09,-1.59735e-09,1.59735e-09,0.523599,2.4559e-08,
-5.0506e-09,3.09252e-09,-5.0506e-09,3.09252e-09,-1.50614e-09,1.50614e-09,0.523599,2.31454e-08,
-4.75977e-09,2.9144e-09,-4.75977e-09,2.9144e-09,-1.42015e-09,1.42015e-09,0.523599,2.18131e-08,
-4.4857e-09,2.74654e-09,-4.4857e-09,2.74654e-09,-1.33906e-09,1.33906e-09,0.523599,2.05575e-08,
-4.22741e-09,2.58835e-09,-4.22741e-09,2.58835e-09,-1.26262e-09,1.26262e-09,0.523599,1.93742e-08,
-0.080206,-1.2214,-0.080206,-1.2214,-0.0501143,0.0501143,0.524635,0.00953041,
-0.221905,-1.55973,-0.221905,-1.55973,-0.112164,0.112164,0.524782,-0.0264558,
-0.295699,-0.359963,-0.295699,-0.359963,-0.148621,0.148621,0.519269,-0.117858,
-0.300461,0.103748,-0.300461,0.103748,-0.149642,0.149642,0.506427,-0.207331,
-0.292154,0.0756933,-0.292154,0.0756933,-0.127071,0.127071,0.486922,-0.287861,
-0.289232,0.00743374,-0.289232,0.00743374,-0.0958423,0.0958423,0.461205,-0.366021,
-0.289506,-0.0078146,-0.289506,-0.0078146,-0.0606638,0.0606638,0.429327,-0.444511,
-0.267872,0.333283,-0.267872,0.333283,-0.0187647,0.0187647,0.390974,-0.525857,
-0.211268,0.698774,-0.211268,0.698774,0.0261809,-0.0261809,0.346444,-0.596671,
-0.135056,0.818395,-0.135056,0.818395,0.0646789,-0.0646789,0.297167,-0.645035,
-0.0512163,0.87598,-0.0512163,0.87598,0.0927348,-0.0927348,0.244955,-0.670473,
0.0403166,0.96493,0.0403166,0.96493,0.111808,-0.111808,0.191611,-0.672564,
0.130987,0.908241,0.130987,0.908241,0.120701,-0.120701,0.139202,-0.647461,
0.198044,0.576412,0.198044,0.576412,0.114012,-0.114012,0.0899627,-0.596413,
0.224675,0.123274,0.224675,0.123274,0.0898456,-0.0898456,0.0455455,-0.530841,
0.222271,-0.0969715,0.222271,-0.0969715,0.0582889,-0.0582889,0.00635765,-0.466203,
0.208742,-0.158546,0.208742,-0.158546,0.0300962,-0.0300962,-0.0279149,-0.406635,
0.181112,-0.343119,0.181112,-0.343119,0.0062429,-0.0062429,-0.0575457,-0.350745,
0.135811,-0.521826,0.135811,-0.521826,-0.0130929,0.0130929,-0.0830852,-0.304997,
0.0887171,-0.461631,0.0887171,-0.461631,-0.0227713,0.0227713,-0.105715,-0.275894,
0.0552161,-0.284107,0.0552161,-0.284107,-0.0208335,0.0208335,-0.126654,-0.259669,
0.0337743,-0.187398,0.0337743,-0.187398,-0.0120932,0.0120932,-0.146598,-0.249435,
0.0201785,-0.115274,0.0201785,-0.115274,-0.00120757,0.00120757,-0.165939,-0.243436,
0.0168443,0.00567505,0.0168443,0.00567505,0.00999883,-0.00999883,-0.184989,-0.240459,
0.022409,0.0819613,0.022409,0.0819613,0.0188532,-0.0188532,-0.203797,-0.236336,
0.0296929,0.0707866,0.0296929,0.0707866,0.0225845,-0.0225845,-0.222144,-0.228947,
0.0354571,0.0531151,0.0354571,0.0531151,0.0216736,-0.0216736,-0.239826,-0.21968,
0.0404658,0.0502637,0.0404658,0.0502637,0.0182911,-0.0182911,-0.256731,-0.209225,
0.0435783,0.0227839,0.0435783,0.0227839,0.0137571,-0.0137571,-0.27274,-0.197284,
0.043763,-0.00834422,0.043763,-0.00834422,0.00937959,-0.00937959,-0.287774,-0.184872,
0.0426384,-0.0130386,0.0426384,-0.0130386,0.00662884,-0.00662884,-0.301854,-0.173062,
0.0411973,-0.0155618,0.0411973,-0.0155618,0.00565988,-0.00565988,-0.315019,-0.161647,
0.0389036,-0.027308,0.0389036,-0.027308,0.00569502,-0.00569502,-0.327293,-0.150586,
0.036012,-0.0306619,0.036012,-0.0306619,0.00620724,-0.00620724,-0.338729,-0.140368,
0.0330397,-0.0302473,0.0330397,-0.0302473,0.00669928,-0.00669928,-0.349394,-0.131003,
0.0297347,-0.0355178,0.0297347,-0.0355178,0.00667101,-0.00667101,-0.359349,-0.12239,
0.0262311,-0.0359623,0.0262311,-0.0359623,0.00618226,-0.00618226,-0.368665,-0.114781,
0.0231456,-0.029376,0.0231456,-0.029376,0.00557582,-0.00557582,-0.377425,-0.108186,
0.0206587,-0.0234864,0.0206587,-0.0234864,0.00503067,-0.00503067,-0.385699,-0.102335,
0.0188268,-0.0163958,0.0188268,-0.0163958,0.00469853,-0.00469853,-0.393539,-0.097089,
0.0177903,-0.00775519,0.0177903,-0.00775519,0.00464519,-0.00464519,-0.400987,-0.0922567,
0.017334,-0.00315049,0.017334,-0.00315049,0.00470439,-0.00470439,-0.408062,-0.0875563,
0.0171057,-0.00193433,0.0171057,-0.00193433,0.0047033,-0.0047033,-0.414769,-0.0828902,
0.0169104,-0.00202705,0.0169104,-0.00202705,0.00457184,-0.00457184,-0.421111,-0.0782596,
0.0165487,-0.00451512,0.0165487,-0.00451512,0.00427376,-0.00427376,-0.427087,-0.0736654,
0.0159033,-0.00761759,0.0159033,-0.00761759,0.00386452,-0.00386452,-0.432706,-0.0692,
0.0150431,-0.00936884,0.0150431,-0.00936884,0.00346324,-0.00346324,-0.437981,-0.0649643,
0.0140535,-0.0104824,0.0140535,-0.0104824,0.00313871,-0.00313871,-0.442933,-0.0609921,
0.0130157,-0.01067,0.0130157,-0.01067,0.00291753,-0.00291753,-0.447584,-0.0573117,
0.0120331,-0.00973938,0.0120331,-0.00973938,0.00279205,-0.00279205,-0.451957,-0.0539243,
0.0111475,-0.00871645,0.0111475,-0.00871645,0.00270921,-0.00270921,-0.456074,-0.0507916,
0.0103649,-0.00764904,0.0103649,-0.00764904,0.00262314,-0.00262314,-0.459953,-0.0478855,
0.00969332,-0.0064815,0.00969332,-0.0064815,0.00251518,-0.00251518,-0.463613,-0.0451781,
0.00911558,-0.00562413,0.00911558,-0.00562413,0.00238077,-0.00238077,-0.467066,-0.0426349,
0.0086126,-0.00490545,0.0086126,-0.00490545,0.00223547,-0.00223547,-0.470325,-0.0402363,
0.00817278,-0.00429554,0.00817278,-0.00429554,0.00209819,-0.00209819,-0.4734,-0.037964,
0.00777284,-0.00398685,0.00777284,-0.00398685,0.0019749,-0.0019749,-0.476301,-0.0358009,
0.00739283,-0.0038347,0.00739283,-0.0038347,0.00186585,-0.00186585,-0.479036,-0.0337414,
0.00701894,-0.00381584,0.00701894,-0.00381584,0.00176536,-0.00176536,-0.481613,-0.0317821,
0.00663932,-0.00391231,0.00663932,-0.00391231,0.00166634,-0.00166634,-0.48404,-0.0299235,
0.00625443,-0.00394549,0.00625443,-0.00394549,0.00156832,-0.00156832,-0.486324,-0.02817,
0.00587209,-0.00389035,0.00587209,-0.00389035,0.00147368,-0.00147368,-0.488475,-0.0265223,
0.0055019,-0.00373216,0.0055019,-0.00373216,0.00138576,-0.00138576,-0.4905,-0.0249786,
0.00515496,-0.00345579,0.00515496,-0.00345579,0.00130741,-0.00130741,-0.492407,-0.0235345,
0.00483711,-0.00314796,0.00483711,-0.00314796,0.00123751,-0.00123751,-0.494205,-0.0221811,
0.0045489,-0.00284754,0.0045489,-0.00284754,0.00117325,-0.00117325,-0.495899,-0.02091,
0.00428768,-0.00258352,0.00428768,-0.00258352,0.00111178,-0.00111178,-0.497497,-0.0197128,
0.00404786,-0.00238693,0.00404786,-0.00238693,0.00105107,-0.00105107,-0.499003,-0.0185827,
0.00382423,-0.00223654,0.00382423,-0.00223654,0.000991306,-0.000991306,-0.500422,-0.0175147,
0.00361289,-0.00212317,0.00361289,-0.00212317,0.000933653,-0.000933653,-0.50176,-0.0165053,
0.00341105,-0.0020341,0.00341105,-0.0020341,0.000879247,-0.000879247,-0.503021,-0.0155517,
0.00321762,-0.00194946,0.00321762,-0.00194946,0.000828782,-0.000828782,-0.504208,-0.0146517,
0.00303226,-0.00186812,0.00303226,-0.00186812,0.000781956,-0.000781956,-0.505327,-0.0138033,
0.00285517,-0.0017819,0.00285517,-0.0017819,0.000738144,-0.000738144,-0.506381,-0.0130042,
0.00268703,-0.00168794,0.00268703,-0.00168794,0.000696793,-0.000696793,-0.507374,-0.0122521,
0.00252838,-0.0015894,0.00252838,-0.0015894,0.000657569,-0.000657569,-0.50831,-0.0115446,
0.00237967,-0.00148624,0.00237967,-0.00148624,0.000620486,-0.000620486,-0.509192,-0.0108789,
0.00224091,-0.0013854,0.00224091,-0.0013854,0.000585552,-0.000585552,-0.510023,-0.0102523,
0.00211154,-0.00129161,0.00211154,-0.00129161,0.000552684,-0.000552684,-0.510806,-0.00966197,
0.0019907,-0.0012077,0.0019907,-0.0012077,0.000521694,-0.000521694,-0.511544,-0.00910552,
0.00187728,-0.00113573,0.00187728,-0.00113573,0.000492332,-0.000492332,-0.512239,-0.00858072,
0.00177031,-0.00107292,0.00177031,-0.00107292,0.000464458,-0.000464458,-0.512895,-0.00808573,
0.00166904,-0.00101679,0.00166904,-0.00101679,0.000438027,-0.000438027,-0.513512,-0.00761895,
0.00157302,-0.000964225,0.00157302,-0.000964225,0.000413058,-0.000413058,-0.514094,-0.00717894,
0.00148207,-0.000912863,0.00148207,-0.000912863,0.000389569,-0.000389569,-0.514643,-0.00676434,
0.00139609,-0.000862356,0.00139609,-0.000862356,0.0003675,-0.0003675,-0.515159,-0.00637378,
0.001315,-0.000812508,0.001315,-0.000812508,0.000346745,-0.000346745,-0.515646,-0.00600592,
0.00123869,-0.000764205,0.00123869,-0.000764205,0.000327176,-0.000327176,-0.516105,-0.00565944,
0.00116696,-0.000718102,0.00116696,-0.000718102,0.000308686,-0.000308686,-0.516537,-0.00533306,
0.00109957,-0.000674678,0.00109957,-0.000674678,0.000291208,-0.000291208,-0.516944,-0.00502554,
0.00103621,-0.000634376,0.00103621,-0.000634376,0.000274696,-0.000274696,-0.517328,-0.00473575,
0.000976602,-0.000597118,0.000976602,-0.000597118,0.000259112,-0.000259112,-0.51769,-0.00446264,
0.000920442,-0.000562812,0.000920442,-0.000562812,0.00024441,-0.00024441,-0.518031,-0.00420521,
0.000867474,-0.000531019,0.000867474,-0.000531019,0.000230538,-0.000230538,-0.518352,-0.00396259,
0.000817482,-0.000501255,0.000817482,-0.000501255,0.000217448,-0.000217448,-0.518655,-0.00373393,
0.000770296,-0.000473095,0.000770296,-0.000473095,0.000205095,-0.000205095,-0.51894,-0.00351846,
0.000725783,-0.000446197,0.000725783,-0.000446197,0.000193443,-0.000193443,-0.519209,-0.00331544,
0.000683822,-0.000420486,0.000683822,-0.000420486,0.000182458,-0.000182458,-0.519462,-0.00312416,
0.000644299,-0.000395969,0.000644299,-0.000395969,0.000172101,-0.000172101,-0.5197,-0.00294394,
0.000607088,-0.000372761,0.000607088,-0.000372761,0.000162332,-0.000162332,-0.519925,-0.00277413,
